day,date,tests_accum,tests_today,tested_accum,tested_today,infected_accum,infected_today,dead_accum,dead_today,recovered_accum,recovered_today,active,hospitalized_now,hospitalized_change,hospitalized_admitted,icu_now,icu_change,respirator_now,respirator_change
0,2020-02-24,20,0,0,0,0,0,0,0,0,0,0,0,0,0,0,0,0,0
1,2020-02-25,9,-11,21,21,0,0,0,0,0,0,0,0,0,0,0,0,0,0
2,2020-02-26,19,10,31,10,0,0,0,0,0,0,0,0,0,0,0,0,0,0
3,2020-02-27,49,30,62,31,1,1,0,0,0,0,1,0,0,0,0,0,0,0
4,2020-02-28,158,109,173,111,1,0,0,0,0,0,1,0,0,0,0,0,0,0
5,2020-02-29,220,62,234,61,3,2,0,0,0,0,3,0,0,0,0,0,0,0
6,2020-03-01,294,74,308,74,4,1,0,0,0,0,4,0,0,1,0,0,0,0
7,2020-03-02,343,49,357,49,4,0,0,0,0,0,4,0,0,0,0,0,0,0
8,2020-03-03,423,80,409,52,6,2,0,0,0,0,6,0,0,1,0,0,0,0
9,2020-03-04,486,63,484,75,10,4,0,0,0,0,10,0,0,0,0,0,0,0
10,2020-03-05,574,88,557,73,10,0,0,0,0,0,10,0,0,1,0,0,0,0
11,2020-03-06,683,109,649,92,23,13,0,0,0,0,23,0,0,4,0,0,0,0
12,2020-03-07,810,127,773,124,23,0,0,0,0,0,23,0,0,0,0,0,0,0
13,2020-03-08,918,108,898,125,35,12,0,0,0,0,35,0,0,3,0,0,0,0
14,2020-03-09,1147,229,1022,124,90,55,0,0,0,0,90,6,6,9,0,0,0,0
15,2020-03-10,1724,577,1602,580,262,172,0,0,0,0,262,7,1,15,0,0,0,0
16,2020-03-11,2530,806,2761,1159,340,78,1,1,0,0,339,11,4,10,2,2,0,0
17,2020-03-12,3412,882,3038,277,674,334,1,0,0,0,673,16,5,18,3,1,0,0
18,2020-03-13,4088,676,3747,709,801,127,1,0,0,0,800,22,6,26,4,1,0,0
19,2020-03-14,4798,710,4446,699,827,26,2,1,0,0,825,25,3,24,3,-1,0,0
20,2020-03-15,5381,583,5076,630,864,37,4,2,0,0,860,28,3,33,2,-1,0,0
21,2020-03-16,6107,726,5749,673,898,34,5,1,0,0,893,62,34,45,10,8,2,2
22,2020-03-17,7123,1016,6917,1168,977,79,6,1,7,7,964,82,20,47,18,8,4,2
23,2020-03-18,8071,948,7854,937,1057,80,9,3,11,4,1037,129,47,47,24,6,18,14
24,2020-03-19,9297,1226,9041,1187,1151,94,14,5,18,7,1119,153,24,50,30,6,27,9
25,2020-03-20,11145,1848,10730,1689,1255,104,18,4,33,15,1204,186,33,64,37,7,32,5
26,2020-03-21,12323,1178,11657,927,1326,71,21,3,61,28,1244,206,20,34,42,5,35,3
27,2020-03-22,12925,602,12351,694,1395,69,24,3,111,50,1260,232,26,42,46,4,40,5
28,2020-03-23,13457,532,12938,587,1460,65,24,0,190,79,1246,254,22,85,55,9,47,7
29,2020-03-24,14581,1124,13988,1050,1591,131,32,8,299,109,1260,301,47,82,69,14,58,11
30,2020-03-25,15704,1123,14959,971,1724,133,34,2,429,130,1261,350,49,90,87,18,76,18
31,2020-03-26,17075,1371,16197,1238,1877,153,41,7,564,135,1272,386,36,79,94,7,78,2
32,2020-03-27,18683,1608,17493,1296,2046,169,52,11,684,120,1310,430,44,87,109,15,89,11
33,2020-03-28,20793,2110,18810,1317,2201,155,65,13,781,97,1355,459,29,83,121,12,104,15
34,2020-03-29,22176,1383,20198,1388,2395,194,72,7,856,75,1467,499,40,52,131,10,113,9
35,2020-03-30,23477,1301,21640,1442,2577,182,77,5,856,0,1644,533,34,69,137,6,119,6
36,2020-03-31,26695,3218,24175,2535,2860,283,90,13,856,0,1914,529,-4,51,145,8,131,12
37,2020-04-01,29904,3209,27109,2934,3107,247,104,14,894,38,2109,535,6,61,146,1,129,-2
38,2020-04-02,33462,3558,30448,3339,3386,279,123,19,1089,195,2174,525,-10,72,153,7,138,9
39,2020-04-03,39211,5749,35668,5220,3757,371,139,16,1093,4,2525,517,-8,72,143,-10,116,-22
40,2020-04-04,45826,6615,39928,4260,4077,320,161,22,1283,190,2633,507,-10,44,142,-1,112,-4
41,2020-04-05,49511,3685,43734,3806,4369,292,179,18,1327,44,2863,504,-3,36,144,2,107,-5
42,2020-04-06,51698,2187,47340,3606,4681,312,187,8,1378,51,3116,503,-1,51,139,-5,108,1
43,2020-04-07,58228,6530,52666,5326,5071,390,203,16,1491,113,3377,472,-31,56,127,-12,103,-5
44,2020-04-08,64578,6350,58097,5431,5402,331,218,15,1621,130,3563,453,-19,28,127,0,103,0
45,2020-04-09,70186,5608,62210,4113,5635,233,237,19,1736,115,3662,433,-20,34,120,-7,100,-3
46,2020-04-10,72708,2522,64731,2521,5819,184,247,10,1773,37,3799,401,-32,34,113,-7,95,-5
47,2020-04-11,75011,2303,67771,3040,5996,177,260,13,1955,182,3781,408,7,31,106,-7,90,-5
48,2020-04-12,77221,2210,70125,2354,6174,178,273,13,2123,168,3778,396,-12,27,104,-2,85,-5
49,2020-04-13,79339,2118,72099,1974,6318,144,285,12,2235,112,3798,388,-8,30,100,-4,87,2
50,2020-04-14,81468,2129,74210,2111,6511,193,299,14,2515,280,3697,380,-8,45,93,-7,80,-7
51,2020-04-15,87654,6186,77712,3502,6681,170,309,10,2748,233,3624,362,-18,30,89,-4,75,-5
52,2020-04-16,93254,5600,82380,4668,6879,198,321,12,3023,275,3535,353,-9,33,92,3,72,-3
53,2020-04-17,98553,5299,87024,4644,7073,194,336,15,3389,366,3348,350,-3,27,93,1,74,2
54,2020-04-18,103326,4773,91437,4413,7242,169,346,10,3847,458,3049,317,-33,27,87,-6,76,2
55,2020-04-19,105597,2271,94277,2840,7384,142,355,9,4141,294,2888,319,2,34,84,-3,73,-3
56,2020-04-20,107457,1860,96244,1967,7515,131,364,9,4312,171,2839,336,17,33,84,0,72,-1
57,2020-04-21,114099,6642,100543,4299,7695,180,370,6,4700,388,2625,335,-1,38,81,-3,72,0
58,2020-04-22,123844,9745,108465,7922,7912,217,384,14,5087,387,2441,324,-11,29,80,-1,68,-4
59,2020-04-23,135424,11580,116621,8156,8073,161,394,10,5384,297,2295,319,-5,33,74,-6,61,-7
60,2020-04-24,147883,12459,125329,8708,8210,137,403,9,5526,142,2281,320,1,22,69,-5,58,-3
61,2020-04-25,162664,14781,136738,11409,8445,235,418,15,5669,143,2358,290,-30,27,70,1,56,-2
62,2020-04-26,175080,12416,146915,10177,8575,130,422,4,5805,136,2348,285,-5,26,70,0,56,0
63,2020-04-27,185381,10301,155810,8895,8698,123,427,5,5959,154,2312,310,25,21,72,2,55,-1
64,2020-04-28,202722,17341,166846,11036,8851,153,434,7,6121,162,2296,284,-26,15,66,-6,50,-5
65,2020-04-29,218984,16262,180062,13216,9008,157,443,9,6366,245,2199,267,-17,15,66,0,50,0
66,2020-04-30,235042,16058,193165,13103,9158,150,452,9,6546,180,2160,255,-12,17,62,-4,50,0
67,2020-05-01,250977,15935,206576,13411,9311,153,460,8,6729,183,2122,249,-6,16,61,-1,44,-6
68,2020-05-02,265409,14432,221912,15336,9407,96,475,15,6889,160,2043,232,-17,24,60,-1,44,0
69,2020-05-03,276558,11149,233799,11887,9523,116,484,9,6987,98,2052,243,11,16,62,2,46,2
70,2020-05-04,285559,9001,244791,10992,9670,147,493,9,7088,101,2089,252,9,15,57,-5,45,-1
71,2020-05-05,303389,17830,257738,12947,9821,151,503,10,7296,208,2022,228,-24,17,49,-8,39,-6
72,2020-05-06,319407,16018,270680,12942,9938,117,506,3,7493,197,1939,209,-19,6,46,-3,41,2
73,2020-05-07,333932,14525,284480,13800,10083,145,514,8,7711,218,1858,199,-10,15,43,-3,39,-2
74,2020-05-08,348346,14414,298488,14008,10218,135,522,8,7927,216,1769,205,6,9,42,-1,35,-4
75,2020-05-09,356724,8378,308984,10496,10319,101,526,4,8093,166,1700,194,-11,10,39,-3,32,-3
76,2020-05-10,364974,8250,317834,8850,10429,110,529,3,8217,124,1683,196,2,10,40,1,33,1
77,2020-05-11,371667,6693,326560,8726,10513,84,533,4,8328,111,1652,198,2,8,43,3,33,0
78,2020-05-12,388116,16449,334260,7700,10591,78,527,-6,8580,252,1484,177,-21,8,43,0,32,-1
79,2020-05-13,402893,14777,345712,11452,10667,76,533,6,8663,83,1471,164,-13,6,37,-6,32,0
80,2020-05-14,417606,14713,357986,12274,10713,46,537,4,8805,142,1371,147,-17,13,35,-2,28,-4
81,2020-05-15,430583,12977,368889,10903,10791,78,537,0,8959,154,1295,137,-10,17,32,-3,26,-2
82,2020-05-16,444562,13979,379482,10593,10858,67,543,6,9107,148,1208,140,3,5,28,-4,22,-4
83,2020-05-17,455613,11051,388703,9221,10927,69,547,4,9227,120,1153,133,-7,4,27,-1,21,-1
84,2020-05-18,463016,7403,394394,5691,10968,41,548,1,9301,74,1119,144,11,14,26,-1,21,0
85,2020-05-19,475096,12080,402194,7800,11044,76,551,3,9416,115,1077,141,-3,8,25,-1,18,-3
86,2020-05-20,490782,15686,412051,9857,11117,73,554,3,9536,120,1027,127,-14,7,25,0,16,-2
87,2020-05-21,504266,13484,425101,13050,11182,65,561,7,9643,107,978,127,0,6,25,0,16,0
88,2020-05-22,514765,10499,433971,8870,11230,48,561,0,9764,121,905,119,-8,13,23,-2,19,3
89,2020-05-23,526285,11520,442650,8679,11289,59,561,0,9836,72,892,118,-1,11,19,-4,16,-3
90,2020-05-24,537742,11457,451450,8800,11360,71,562,1,9900,64,898,115,-3,2,21,2,17,1
91,2020-05-25,546621,8879,458305,6855,11387,27,563,1,9964,64,860,116,1,6,20,-1,16,-1
92,2020-05-26,559454,12833,467009,8704,11428,41,563,0,10044,80,821,112,-4,11,23,3,14,-2
93,2020-05-27,576061,16607,480239,13230,11480,52,565,2,10106,62,809,107,-5,7,22,-1,11,-3
94,2020-05-28,583052,6991,484482,4243,11512,32,568,3,10180,74,764,110,3,5,20,-2,11,0
95,2020-05-29,606574,23522,504543,20061,11593,81,568,0,10240,60,785,106,-4,9,18,-2,10,-1
96,2020-05-30,618860,12286,514467,9924,11633,40,571,3,10327,87,735,100,-6,7,20,2,11,1
97,2020-05-31,628965,10105,522594,8127,11669,36,574,3,10362,35,733,98,-2,4,20,0,10,-1
98,2020-06-01,637738,8773,528982,6388,11699,30,576,2,10412,50,711,103,5,5,20,0,11,1
99,2020-06-02,646086,8348,534782,5800,11734,35,580,4,10489,77,665,99,-4,6,21,1,11,0
100,2020-06-03,657999,11913,542895,8113,11771,37,580,0,10552,63,639,100,1,3,20,-1,10,-1
101,2020-06-04,671558,13559,552888,9993,11811,40,582,2,10620,68,609,97,-3,6,17,-3,8,-2
102,2020-06-05,684557,12999,562905,10017,11875,64,586,4,10653,33,636,85,-12,9,17,0,10,2
103,2020-06-06,696334,11777,571832,8927,11924,49,587,1,10721,68,616,81,-4,2,15,-2,9,-1
104,2020-06-07,706442,10108,579400,7568,11948,24,589,2,10755,34,604,75,-6,4,15,0,9,0
105,2020-06-08,715100,8658,585024,5624,11962,14,593,4,10792,37,577,79,4,5,16,1,7,-2
106,2020-06-09,730924,15824,594790,9766,12001,39,593,0,10849,57,559,73,-6,1,15,-1,5,-2
107,2020-06-10,739575,8651,602118,7328,12016,15,593,0,10904,55,519,71,-2,1,17,2,7,2
108,2020-06-11,749467,9892,609672,7554,12035,19,593,0,10955,51,487,63,-8,1,14,-3,7,0
109,2020-06-12,771881,22414,627155,17483,12099,64,594,1,10993,38,512,63,0,6,14,0,7,0
110,2020-06-13,786198,14317,637701,10546,12139,40,597,3,11035,42,507,54,-9,5,11,-3,5,-2
111,2020-06-14,799876,13678,648326,10625,12193,54,597,0,11068,33,528,55,1,2,11,0,5,0
112,2020-06-15,810838,10962,656418,8092,12217,24,598,1,11090,22,529,58,3,4,10,-1,4,-1
113,2020-06-16,823249,12411,664603,8185,12250,33,598,0,11125,35,527,60,2,8,9,-1,4,0
114,2020-06-17,840721,17472,677270,12667,12294,44,598,0,11185,60,511,39,-21,5,6,-3,4,0
115,2020-06-18,859514,18793,691419,14149,12344,50,600,2,11242,57,502,38,-1,5,6,0,3,-1
116,2020-06-19,876344,16830,704269,12850,12391,47,600,0,11282,40,509,37,-1,4,6,0,2,-1
117,2020-06-20,892193,15849,715818,11549,12436,45,600,0,11303,21,533,37,0,4,6,0,2,0
118,2020-06-21,908042,15849,727367,11549,12481,45,600,0,11324,21,557,37,0,4,6,0,2,0
119,2020-06-22,923893,15851,738916,11549,12527,46,602,2,11347,23,578,37,0,6,7,1,4,2
120,2020-06-23,939386,15493,749603,10687,12561,34,603,1,11393,46,565,32,-5,4,8,1,5,1
121,2020-06-24,960076,20690,765002,15399,12615,54,603,0,11422,29,590,33,1,6,8,0,4,-1
122,2020-06-25,981082,21006,780330,15328,12636,21,603,0,11460,38,573,36,3,5,9,1,4,0
123,2020-06-26,998736,17654,793499,13169,12675,39,604,1,11508,48,563,31,-5,1,11,2,4,0
124,2020-06-27,1012506,13770,803087,9588,12700,25,604,0,11542,34,554,31,0,4,11,0,4,0
125,2020-06-28,1026276,13770,812675,9588,12725,25,604,0,11576,34,545,31,0,6,11,0,4,0
126,2020-06-29,1040047,13771,822264,9589,12751,26,605,1,11612,36,534,35,4,3,9,-2,4,0
127,2020-06-30,1053453,13406,831196,8932,12768,17,605,0,11649,37,514,32,-3,0,10,1,4,0
128,2020-07-01,1071479,18026,843483,12287,12794,26,606,1,11693,44,495,29,-3,2,11,1,4,0
129,2020-07-02,1088788,17309,855637,12154,12815,21,606,0,11769,76,440,29,0,4,9,-2,5,1
130,2020-07-03,1106377,17589,868185,12548,12832,17,606,0,11817,48,409,27,-2,3,6,-3,4,-1
131,2020-07-04,1119325,12948,876814,8629,12847,15,606,0,11856,39,385,27,0,0,6,0,4,0
132,2020-07-05,1132273,12948,885443,8629,12862,15,606,0,11895,39,361,27,0,3,6,0,4,0
133,2020-07-06,1145221,12948,894073,8630,12878,16,607,1,11935,40,336,23,-4,4,7,1,4,0
134,2020-07-07,1157601,12380,902129,8056,12888,10,609,2,11983,48,296,17,-6,2,5,-2,4,0
135,2020-07-08,1174919,17318,913373,11244,12900,12,609,0,12001,18,290,18,1,1,5,0,4,0
136,2020-07-09,1191302,16383,924644,11271,12916,16,609,0,12045,44,262,18,0,3,5,0,4,0
137,2020-07-10,1206863,15561,935053,10409,12946,30,609,0,12077,32,260,17,-1,3,4,-1,4,0
138,2020-07-11,1219505,12642,943642,8589,12976,30,609,0,12094,17,273,17,0,5,4,0,4,0
139,2020-07-12,1232147,12642,952231,8589,13006,30,609,0,12111,17,286,17,0,1,4,0,4,0
140,2020-07-13,1244789,12642,960821,8590,13037,31,610,1,12130,19,297,18,1,0,6,2,3,-1
141,2020-07-14,1257157,12368,968455,7634,13061,24,610,0,12160,30,291,17,-1,4,6,0,3,0
142,2020-07-15,1276389,19232,981280,12825,13092,31,610,0,12182,22,300,19,2,5,6,0,3,0
143,2020-07-16,1290888,14499,991101,9821,13124,32,610,0,12195,13,319,17,-2,1,5,-1,3,0
144,2020-07-17,1306743,15855,1001512,10411,13173,49,611,1,12209,14,353,20,3,4,5,0,3,0
145,2020-07-18,1315761,9018,1007385,5873,13202,29,611,0,12223,14,368,20,0,2,5,0,3,0
146,2020-07-19,1324779,9018,1013258,5873,13231,29,611,0,12237,14,383,20,0,2,5,0,3,0
147,2020-07-20,1333797,9018,1019131,5873,13262,31,611,0,12251,14,400,18,-2,4,3,-2,2,-1
148,2020-07-21,1354882,21085,1032598,13467,13302,40,611,0,12261,10,430,18,0,2,4,1,2,0
149,2020-07-22,1372419,17537,1044211,11613,13350,48,611,0,12274,13,465,16,-2,4,4,0,3,1
150,2020-07-23,1391957,19538,1057333,13122,13390,40,612,1,12299,25,479,19,3,2,3,-1,3,0
151,2020-07-24,1411757,19800,1070653,13320,13438,48,613,1,12340,41,485,16,-3,2,3,0,3,0
152,2020-07-25,1426289,14532,1079947,9294,13474,36,613,0,12365,25,496,16,0,5,3,0,3,0
153,2020-07-26,1440821,14532,1089241,9294,13510,36,613,0,12390,25,507,16,0,3,3,0,3,0
154,2020-07-27,1455354,14533,1098535,9294,13547,37,613,0,12417,27,517,23,7,3,3,0,3,0
155,2020-07-28,1470568,15214,1107638,9103,13577,30,613,0,12451,34,513,22,-1,2,3,0,3,0
156,2020-07-29,1491115,20547,1120675,13037,13634,57,614,1,12485,34,535,21,-1,7,3,0,3,0
157,2020-07-30,1511767,20652,1134443,13768,13725,91,615,1,12526,41,584,18,-3,5,3,0,2,-1
158,2020-07-31,1532427,20660,1147765,13322,13789,64,615,0,12578,52,596,18,0,3,3,0,2,0
159,2020-08-01,1550752,18325,1159263,11498,13858,69,615,0,12612,34,631,18,0,4,3,0,2,0
160,2020-08-02,1569077,18325,1170761,11498,13927,69,615,0,12646,34,666,18,0,2,3,0,2,0
161,2020-08-03,1587403,18326,1182260,11499,13996,69,616,1,12682,36,698,24,6,7,2,-1,2,0
162,2020-08-04,1605991,18588,1193168,10908,14073,77,616,0,12715,33,742,24,0,5,3,1,2,0
163,2020-08-05,1629692,23701,1207838,14670,14185,112,616,0,12753,38,816,23,-1,7,2,-1,2,0
164,2020-08-06,1654512,24820,1223486,15648,14306,121,617,1,12787,34,902,24,1,4,2,0,2,0
165,2020-08-07,1680226,25714,1239335,15849,14442,136,617,0,12840,53,985,25,1,5,2,0,2,0
166,2020-08-08,1705295,25069,1255015,15680,14566,124,617,0,12868,28,1081,25,0,3,2,0,2,0
167,2020-08-09,1730364,25069,1270695,15680,14690,124,617,0,12896,28,1177,25,0,3,2,0,2,0
168,2020-08-10,1755433,25069,1286375,15680,14815,125,620,3,12925,29,1270,23,-2,4,2,0,2,0
169,2020-08-11,1780284,24851,1301236,14861,14959,144,621,1,12988,63,1350,20,-3,3,2,0,1,-1
170,2020-08-12,1804613,24329,1316041,14805,15070,111,621,0,13066,78,1383,16,-4,3,1,-1,0,-1
171,2020-08-13,1836246,31633,1335826,19785,15214,144,621,0,13131,65,1462,13,-3,4,1,0,0,0
172,2020-08-14,1869782,33536,1357855,22029,15379,165,621,0,13216,85,1542,14,1,6,1,0,0,0
173,2020-08-15,1902132,32350,1377858,20003,15499,120,621,0,13283,67,1595,14,0,2,1,0,0,0
174,2020-08-16,1934482,32350,1397861,20003,15619,120,621,0,13350,67,1648,14,0,5,1,0,0,0
175,2020-08-17,1966834,32352,1417864,20003,15740,121,621,0,13417,67,1702,16,2,8,1,0,1,1
176,2020-08-18,1994602,27768,1434458,16594,15855,115,621,0,13529,112,1705,18,2,1,1,0,1,0
177,2020-08-19,2029565,34963,1455017,20559,15940,85,621,0,13651,122,1668,16,-2,6,1,0,1,0
178,2020-08-20,2075156,45591,1482614,27597,16056,116,621,0,13769,118,1666,20,4,8,1,0,1,0
179,2020-08-21,2104747,29591,1500384,17770,16127,71,621,0,13944,175,1562,22,2,5,1,0,1,0
180,2020-08-22,2140290,35543,1522159,21775,16217,90,621,0,14066,122,1530,22,0,3,1,0,1,0
181,2020-08-23,2175833,35543,1543934,21775,16307,90,621,0,14188,122,1498,22,0,4,1,0,1,0
182,2020-08-24,2211377,35544,1565709,21775,16397,90,623,2,14310,122,1464,20,-2,3,3,2,2,1
183,2020-08-25,2244803,33426,1584789,19080,16480,83,623,0,14465,155,1392,21,1,4,3,0,2,0
184,2020-08-26,2281780,36977,1606317,21528,16537,57,623,0,14603,138,1311,19,-2,9,3,0,2,0
185,2020-08-27,2321685,39905,1629993,23676,16627,90,624,1,14763,160,1240,19,0,1,2,-1,2,0
186,2020-08-28,2360333,38648,1653439,23446,16700,73,624,0,14877,114,1199,21,2,4,2,0,2,0
187,2020-08-29,2400103,39770,1676300,22861,16779,79,624,0,14989,112,1166,21,0,2,4,2,4,2
188,2020-08-30,2433762,33659,1696971,20671,16891,112,624,0,15116,127,1151,21,0,4,4,0,4,0
189,2020-08-31,2463008,29246,1713288,16317,16985,94,624,0,15205,89,1156,23,2,6,4,0,4,0
190,2020-09-01,2493863,30855,1730572,17284,17084,99,625,1,15300,95,1159,20,-3,1,4,0,4,0
191,2020-09-02,2526753,32890,1748934,18362,17195,111,626,1,15413,113,1156,15,-5,5,4,0,2,-2
192,2020-09-03,2566628,39875,1771570,22636,17374,179,626,0,15499,86,1249,17,2,4,3,-1,3,1
193,2020-09-04,2605387,38759,1793415,21845,17547,173,627,1,15586,87,1334,18,1,8,3,0,3,0
194,2020-09-05,2647496,42109,1817503,24088,17736,189,627,0,15671,85,1438,16,-2,13,3,0,3,0
195,2020-09-06,2679679,32183,1835618,18115,17883,147,627,0,15760,89,1496,27,11,9,4,1,3,0
196,2020-09-07,2715380,35701,1854671,19053,18113,230,628,1,15833,73,1652,29,2,7,3,-1,2,-1
197,2020-09-08,2750858,35478,1872805,18134,18356,243,628,0,15907,74,1821,28,-1,6,3,0,2,0
198,2020-09-09,2790136,39278,1893679,20874,18607,251,628,0,15990,83,1989,30,2,13,5,2,2,0
199,2020-09-10,2836752,46616,1918785,25106,18924,317,629,1,16069,79,2226,35,5,14,5,0,2,0
200,2020-09-11,2883594,46842,1944062,25277,19216,292,629,0,16139,70,2448,44,9,11,7,2,1,-1
201,2020-09-12,2934104,50510,1970742,26680,19557,341,630,1,16247,108,2680,43,-1,17,4,-3,2,1
202,2020-09-13,2987910,53806,1998433,27691,19890,333,631,1,16333,86,2926,47,4,10,4,0,1,-1
203,2020-09-14,3034147,46237,2022130,23697,20237,347,633,2,16437,104,3167,50,3,13,4,0,1,0
204,2020-09-15,3082836,48689,2046537,24407,20571,334,633,0,16557,120,3381,55,5,14,3,-1,1,0
205,2020-09-16,3132764,49928,2071840,25303,20940,369,634,1,16757,200,3549,51,-4,21,3,0,1,0
206,2020-09-17,3191967,59203,2102027,30187,21393,453,635,1,16918,161,3840,60,9,13,3,0,1,0
207,2020-09-18,3246363,54396,2128443,26416,21847,454,635,0,17110,192,4102,58,-2,14,3,0,1,0
208,2020-09-19,3300734,54371,2154866,26423,22436,589,635,0,17316,206,4485,62,4,24,4,1,1,0
209,2020-09-20,3351337,50603,2178446,23580,22905,469,638,3,17514,198,4753,59,-3,19,9,5,3,2
210,2020-09-21,3393359,42022,2197714,19268,23323,418,640,2,17738,224,4945,75,16,21,12,3,3,0
211,2020-09-22,3442785,49426,2220218,22504,23799,476,641,1,18035,297,5123,79,4,14,14,2,5,2
212,2020-09-23,3500492,57707,2246853,26635,24357,558,643,2,18359,324,5355,78,-1,24,15,1,5,0
213,2020-09-24,3554377,53885,2270273,23420,24916,559,645,2,18646,287,5625,95,17,26,14,-1,5,0
214,2020-09-25,3611745,57368,2295055,24782,25594,678,647,2,19010,364,5937,101,6,18,16,2,9,4
215,2020-09-26,3663906,52161,2317214,22159,26213,619,648,1,19350,340,6215,97,-4,12,17,1,11,2
216,2020-09-27,3710734,46828,2336926,19712,26637,424,649,1,19650,300,6338,95,-2,20,17,0,11,0
217,2020-09-28,3759877,49143,2357180,20254,27072,435,649,0,19942,292,6481,110,15,21,17,0,11,0
218,2020-09-29,3805103,45226,2375249,18069,27464,392,650,1,20320,378,6494,107,-3,14,15,-2,9,-2
219,2020-09-30,3860049,54946,2397485,22236,27998,534,650,0,20754,434,6594,102,-5,20,15,0,10,1
220,2020-10-01,3909185,49136,2417358,19873,28396,398,651,1,21309,555,6436,109,7,23,13,-2,9,-1
221,2020-10-02,3965265,56080,2438448,21090,28932,536,652,1,21824,515,6456,106,-3,19,17,4,12,3
222,2020-10-03,4006432,41167,2454144,15696,29302,370,654,2,22297,473,6351,105,-1,11,17,0,14,2
223,2020-10-04,4048223,41791,2469134,14990,29680,378,658,4,22716,419,6306,105,0,21,18,1,15,1
224,2020-10-05,4084612,36389,2483456,14322,30057,377,659,1,23122,406,6276,120,15,31,17,-1,13,-2
225,2020-10-06,4123938,39326,2497905,14449,30379,322,663,4,23655,533,6061,124,4,10,15,-2,13,0
226,2020-10-07,4166217,42279,2514182,16277,30710,331,663,0,24250,595,5797,116,-8,16,15,0,14,1
227,2020-10-08,4218840,52623,2533756,19574,31156,446,665,2,24899,649,5592,115,-1,9,17,2,14,0
228,2020-10-09,4273919,55079,2553614,19858,31638,482,665,0,25502,603,5471,106,-9,15,18,1,13,-1
229,2020-10-10,4321853,47934,2569929,16315,32082,444,667,2,25987,485,5428,103,-3,15,20,2,13,0
230,2020-10-11,4357106,35253,2582140,12211,32422,340,669,2,26380,393,5373,102,-1,14,19,-1,13,0
231,2020-10-12,4393640,36534,2594769,12629,32811,389,671,2,26741,361,5399,107,5,24,19,0,13,0
232,2020-10-13,4423310,29670,2604640,9871,33101,290,674,3,27225,484,5202,103,-4,19,19,0,14,1
233,2020-10-14,4465175,41865,2618613,13973,33593,492,675,1,27680,455,5238,104,1,22,17,-2,11,-3
234,2020-10-15,4499461,34286,2629653,11040,34023,430,677,2,28118,438,5228,104,0,21,17,0,12,1
235,2020-10-16,4534292,34831,2640504,10851,34441,418,677,0,28551,433,5213,110,6,21,16,-1,11,-1
236,2020-10-17,4571810,37518,2652317,11813,34941,500,679,2,28917,366,5345,110,0,15,16,0,10,-1
237,2020-10-18,4603372,31562,2662072,9755,35392,451,680,1,29255,338,5457,119,9,24,17,1,11,1
238,2020-10-19,4633026,29654,2671105,9033,35844,452,686,6,29562,307,5596,129,10,25,18,1,11,0
239,2020-10-20,4670054,37028,2682655,11550,36373,529,688,2,29998,436,5687,128,-1,19,15,-3,9,-2
240,2020-10-21,4713747,43693,2696750,14095,37003,630,690,2,30432,434,5881,122,-6,25,16,1,9,0
241,2020-10-22,4756765,43018,2709615,12865,37763,760,694,4,30877,445,6192,124,2,18,17,1,12,3
242,2020-10-23,4801009,44244,2723093,13478,38622,859,697,3,31295,418,6630,125,1,27,18,1,13,1
243,2020-10-24,4847915,46906,2737622,14529,39411,789,700,3,31701,406,7010,120,-5,22,17,-1,14,1
244,2020-10-25,4905817,57902,2755424,17802,40356,945,702,2,31985,284,7669,127,7,27,18,1,15,1
245,2020-10-26,4965353,59536,2774222,18798,41412,1056,708,6,32237,252,8467,145,18,33,17,-1,12,-3
246,2020-10-27,5011110,45757,2789321,15099,42157,745,709,1,32697,460,8751,137,-8,35,19,2,14,2
247,2020-10-28,5074769,63659,2809894,20573,43174,1017,715,6,33126,429,9333,136,-1,30,18,-1,15,1
248,2020-10-29,5123430,48661,2824701,14807,44034,860,716,1,33601,475,9717,139,3,37,17,-1,15,0
249,2020-10-30,5194489,71059,2846245,21544,45225,1191,719,3,34052,451,10454,144,5,33,17,0,14,-1
250,2020-10-31,5264259,69770,2866530,20285,46351,1126,721,2,34523,471,11107,147,3,40,19,2,14,0
251,2020-11-01,5326244,61985,2884136,17606,47299,948,723,2,34959,436,11617,156,9,38,19,0,14,0
252,2020-11-02,5385115,58871,2901124,16988,48241,942,724,1,35411,452,12106,174,18,40,23,4,14,0
253,2020-11-03,5458825,73710,2923556,22432,49594,1353,728,4,36111,700,12755,169,-5,41,22,-1,14,0
254,2020-11-04,5513701,54876,2939383,15827,50530,936,729,1,36892,781,12909,184,15,52,24,2,17,3
255,2020-11-05,5578763,65062,2957171,17788,51753,1223,733,4,37756,864,13264,182,-2,48,24,0,17,0
256,2020-11-06,5666843,88080,2981224,24053,53180,1427,738,5,38627,871,13815,191,9,32,23,-1,17,0
257,2020-11-07,5734139,67296,2998259,17035,54230,1050,740,2,39490,863,14000,187,-4,29,29,6,20,3
258,2020-11-08,5801295,67156,3016589,18330,55121,891,743,3,40305,815,14073,188,1,39,30,1,18,-2
259,2020-11-09,5857426,56131,3032754,16165,55892,771,747,4,41232,927,13913,196,8,56,33,3,21,3
260,2020-11-10,5939588,82162,3057241,24487,56958,1066,750,3,42249,1017,13959,211,15,38,33,0,21,0
261,2020-11-11,6017111,77523,3080721,23480,57952,994,753,3,43483,1234,13716,216,5,49,40,7,22,1
262,2020-11-12,6092426,75315,3102008,21287,58963,1011,755,2,44693,1210,13515,239,23,34,43,3,29,7
263,2020-11-13,6163499,71073,3121095,19087,60000,1037,756,1,45705,1012,13539,236,-3,39,40,-3,27,-2
264,2020-11-14,6243359,79860,3141907,20812,61078,1078,757,1,46774,1069,13547,243,7,34,41,1,30,3
265,2020-11-15,6317049,73690,3161349,19442,62136,1058,760,3,47747,973,13629,259,16,32,45,4,29,-1
266,2020-11-16,6387145,70096,3181467,20118,63331,1195,764,4,48696,949,13871,267,8,50,44,-1,27,-2
267,2020-11-17,6455895,68750,3199098,17631,64551,1220,768,4,49961,1265,13822,259,-8,63,41,-3,26,-1
268,2020-11-18,6537195,81300,3220265,21167,65808,1257,770,2,51217,1256,13821,248,-11,46,43,2,26,0
269,2020-11-19,6616499,79304,3239806,19541,67105,1297,773,3,52445,1228,13887,255,7,43,41,-2,21,-5
270,2020-11-20,6690375,73876,3258149,18343,68362,1257,778,5,53470,1025,14114,244,-11,42,39,-2,20,-1
271,2020-11-21,6765419,75044,3275193,17044,69635,1273,781,3,54436,966,14418,237,-7,33,40,1,21,1
272,2020-11-22,6823437,58018,3289511,14318,70485,850,784,3,55274,838,14427,254,17,40,39,-1,22,1
273,2020-11-23,6894484,71047,3308512,19001,71654,1169,789,5,56032,758,14833,261,7,48,41,2,22,0
274,2020-11-24,6976105,81621,3329222,20710,73021,1367,797,8,57075,1043,15149,255,-6,40,40,-1,23,1
275,2020-11-25,7051961,75856,3346932,17710,74204,1183,802,5,58148,1073,15254,251,-4,49,42,2,21,-2
276,2020-11-26,7127052,75091,3364827,17895,75395,1191,811,9,59250,1102,15334,244,-7,47,42,0,23,2
277,2020-11-27,7211461,84409,3383120,18293,76718,1323,816,5,60312,1062,15590,254,10,30,46,4,29,6
278,2020-11-28,7311658,100197,3404692,21572,78354,1636,823,7,61461,1149,16070,249,-5,31,42,-4,27,-2
279,2020-11-29,7366349,54691,3418006,13314,79352,998,829,6,62514,1053,16009,256,7,34,43,1,28,1
280,2020-11-30,7426343,59994,3432519,14513,80481,1129,837,8,63515,1001,16129,259,3,45,44,1,28,0
281,2020-12-01,7497665,71322,3448151,15632,81949,1468,846,9,64757,1242,16346,254,-5,50,38,-6,24,-4
282,2020-12-02,7575946,78281,3464269,16118,83535,1586,852,6,66086,1329,16597,266,12,54,36,-2,27,3
283,2020-12-03,7653700,77754,3478986,14717,85140,1605,858,6,67416,1330,16866,267,1,55,38,2,28,1
284,2020-12-04,7731119,77419,3493655,14669,86743,1603,867,9,68632,1216,17244,293,26,56,40,2,27,-1
285,2020-12-05,7824928,93809,3510327,16672,88858,2115,878,11,69869,1237,18111,279,-14,67,39,-1,25,-2
286,2020-12-06,7897759,72831,3524861,14534,90603,1745,885,7,70876,1007,18842,302,23,69,42,3,26,1
287,2020-12-07,7976385,78626,3541148,16287,92649,2046,894,9,71882,1006,19873,328,26,91,43,1,29,3
288,2020-12-08,8053758,77373,3556264,15116,94799,2150,901,7,73052,1170,20846,354,26,62,42,-1,26,-3
289,2020-12-09,8145175,91417,3572954,16690,97357,2558,904,3,74367,1315,22086,349,-5,76,39,-3,26,0
290,2020-12-10,8256533,111358,3592677,19723,100489,3132,918,14,75664,1297,23907,342,-7,100,40,1,28,2
291,2020-12-11,8365753,109220,3611456,18779,103564,3075,927,9,76927,1263,25710,361,19,95,48,8,27,-1
292,2020-12-12,8483883,118130,3630815,19359,107116,3552,935,8,78236,1309,27945,371,10,85,54,6,31,4
293,2020-12-13,8569655,85772,3646152,15337,109758,2642,941,6,79394,1158,29423,390,19,103,58,4,33,2
294,2020-12-14,8664885,95230,3664247,18095,113095,3337,950,9,80564,1170,31581,429,39,127,61,3,34,1
295,2020-12-15,8754671,89786,3680607,16360,116087,2992,961,11,82099,1535,33027,439,10,147,68,7,39,5
296,2020-12-16,8867957,113286,3700510,19903,119779,3692,975,14,83801,1702,35003,493,54,141,68,0,40,1
297,2020-12-17,8992664,124707,3721523,21013,123813,4034,992,17,85662,1861,37159,516,23,147,76,8,46,6
298,2020-12-18,9133836,141172,3745061,23538,128321,4508,1007,15,87560,1898,39754,568,52,149,79,3,52,6
299,2020-12-19,9260508,126672,3765163,20102,131606,3285,1019,12,89570,2010,41017,606,38,153,86,7,53,1
300,2020-12-20,9376922,116414,3785165,20002,134434,2828,1035,16,91263,1693,42136,661,55,128,87,1,55,2
301,2020-12-21,9511837,134915,3808485,23320,137632,3198,1053,18,93214,1951,43365,713,52,184,87,0,53,-2
302,2020-12-22,9648082,136245,3829160,20675,140175,2543,1070,17,95933,2719,43172,723,10,148,83,-4,48,-5
303,2020-12-23,9817516,169434,3852511,23351,143472,3297,1096,26,99025,3092,43351,720,-3,153,91,8,53,5
304,2020-12-24,9974736,157220,3872132,19621,146341,2869,1114,18,102184,3159,43043,724,4,122,97,6,57,4
305,2020-12-25,10093817,119081,3888463,16331,149333,2992,1134,20,105425,3241,42774,726,2,168,98,1,61,4
306,2020-12-26,10146516,52699,3895326,6863,151167,1834,1153,19,108659,3234,41355,776,50,145,96,-2,62,1
307,2020-12-27,10201879,55363,3902231,6905,153347,2180,1174,21,111718,3059,40455,817,41,138,102,6,65,3
308,2020-12-28,10264912,63033,3911096,8865,155826,2479,1204,30,114841,3123,39781,872,55,210,113,11,66,1
309,2020-12-29,10342927,78015,3920967,9871,158447,2621,1226,22,118727,3886,38494,900,28,145,128,15,73,7
310,2020-12-30,10451869,108942,3932828,11861,161230,2783,1256,30,122954,4227,37020,926,26,127,136,8,87,14
311,2020-12-31,10567360,115491,3943189,10361,163479,2249,1298,42,127276,4322,34905,879,-47,122,132,-4,87,0
312,2021-01-01,10661401,94041,3953341,10152,165930,2451,1322,24,130818,3542,33790,885,6,150,129,-3,80,-7
313,2021-01-02,10705458,44057,3958962,5621,167541,1611,1345,23,133889,3071,32307,944,59,139,136,7,84,4
314,2021-01-03,10743276,37818,3963346,4384,168711,1170,1374,29,136598,2709,30739,937,-7,116,136,0,87,3
315,2021-01-04,10819739,76463,3971970,8624,170787,2076,1389,15,139013,2415,30385,964,27,158,140,4,84,-3
316,2021-01-05,10894536,74797,3979917,7947,172779,1992,1420,31,142057,3044,29302,942,-22,105,141,1,85,1
317,2021-01-06,10994946,100410,3989399,9482,174995,2216,1450,30,144855,2798,28690,886,-56,134,137,-4,84,-1
318,2021-01-07,11099561,104615,3999347,9948,176837,1842,1487,37,147867,3012,27483,861,-25,140,134,-3,80,-4
319,2021-01-08,11196466,96905,4008497,9150,178497,1660,1517,30,149346,1479,27634,864,3,118,138,4,79,-1
320,2021-01-09,11291433,94967,4018261,9764,180240,1743,1542,25,150932,1586,27766,833,-31,113,132,-6,79,0
321,2021-01-10,11360446,69013,4026398,8137,181486,1246,1570,28,153565,2633,26351,875,42,107,138,6,84,5
322,2021-01-11,11416152,55706,4033136,6738,182725,1239,1597,27,155713,2148,25415,920,45,124,138,0,88,4
323,2021-01-12,11474108,57956,4039422,6286,183801,1076,1623,26,158743,3030,23435,917,-3,99,135,-3,90,2
324,2021-01-13,11556903,82795,4047694,8272,185159,1358,1660,37,161194,2451,22305,859,-58,107,137,2,90,0
325,2021-01-14,11669318,112415,4057066,9372,186661,1502,1703,43,163939,2745,21019,839,-20,91,128,-9,92,2
326,2021-01-15,11721588,52270,4061221,4155,187320,659,1720,17,165166,1227,20434,792,-47,101,129,1,87,-5
327,2021-01-16,11817679,96091,4069857,8636,188199,879,1747,27,166367,1201,20085,779,-13,79,137,8,86,-1
328,2021-01-17,11921504,103825,4080550,10693,189088,889,1775,28,168379,2012,18934,799,20,81,131,-6,84,-2
329,2021-01-18,12006964,85460,4090227,9677,189895,807,1805,30,170012,1633,18078,817,18,128,132,1,85,1
330,2021-01-19,12090669,83705,4099468,9241,190619,724,1837,32,172456,2444,16326,792,-25,107,132,0,88,3
331,2021-01-20,12201738,111069,4109898,10430,191505,886,1872,35,174374,1918,15259,771,-21,67,132,0,88,0
332,2021-01-21,12315812,114074,4119606,9708,192265,760,1909,37,176003,1629,14353,745,-26,90,136,4,87,-1
333,2021-01-22,12431739,115927,4129001,9395,193038,773,1941,32,177550,1547,13547,745,0,81,130,-6,87,0
334,2021-01-23,12576249,144510,4139243,10242,193917,879,1969,28,178967,1417,12981,703,-42,59,125,-5,85,-2
335,2021-01-24,12712457,136208,4148570,9327,194671,754,1983,14,180125,1158,12563,725,22,61,124,-1,82,-3
336,2021-01-25,12803233,90776,4156552,7982,195296,625,2010,27,181081,956,12205,738,13,73,123,-1,78,-4
337,2021-01-26,12902340,99107,4164721,8169,195948,652,2030,20,182420,1339,11498,684,-54,50,119,-4,89,11
338,2021-01-27,13015234,112894,4172251,7530,196540,592,2050,20,183647,1227,10843,666,-18,58,112,-7,86,-3
339,2021-01-28,13126327,111093,4178348,6097,196963,423,2071,21,184853,1206,10039,611,-55,51,113,1,84,-2
340,2021-01-29,13253182,126855,4187426,9078,197664,701,2084,13,185769,916,9811,583,-28,50,103,-10,71,-13
341,2021-01-30,13369345,116163,4193628,6202,198095,431,2106,22,186612,843,9377,541,-42,29,102,-1,79,8
342,2021-01-31,13495620,126275,4200576,6948,198472,377,2125,19,187318,706,9029,534,-7,42,98,-4,73,-6
343,2021-02-01,13608460,112840,4207196,6620,198960,488,2145,20,187967,649,8848,546,12,48,94,-4,71,-2
344,2021-02-02,13701547,93087,4213473,6277,199357,397,2160,15,188873,906,8324,504,-42,38,93,-1,68,-3
345,2021-02-03,13811924,110377,4219662,6189,199782,425,2170,10,189770,897,7842,493,-11,32,91,-2,66,-2
346,2021-02-04,13959099,147175,4227516,7854,200335,553,2184,14,190549,779,7602,444,-49,33,86,-5,63,-3
347,2021-02-05,14078745,119646,4233551,6035,200773,438,2201,17,191399,850,7173,405,-39,42,82,-4,59,-4
348,2021-02-06,14221572,142827,4239268,5717,201186,413,2215,14,192104,705,6867,382,-23,23,78,-4,54,-5
349,2021-02-07,14359344,137772,4245796,6528,201621,435,2216,1,192695,591,6710,378,-4,32,76,-2,54,0
350,2021-02-08,14452361,93017,4251340,5544,202051,430,2216,0,193202,507,6633,400,22,35,73,-3,53,-1
351,2021-02-09,14537043,84682,4256147,4807,202417,366,2244,28,193917,715,6256,371,-29,41,74,1,53,0
352,2021-02-10,14666045,129002,4262328,6181,202887,470,2255,11,194601,684,6031,370,-1,36,74,0,51,-2
353,2021-02-11,14796936,130891,4268537,6209,203365,478,2269,14,195124,523,5972,357,-13,27,69,-5,46,-5
354,2021-02-12,14925205,128269,4274398,5861,203793,428,2280,11,195625,501,5888,337,-20,21,68,-1,45,-1
355,2021-02-13,15049553,124348,4279106,4708,204067,274,2284,4,196027,402,5756,308,-29,33,64,-4,45,0
356,2021-02-14,15179480,129927,4284260,5154,204362,295,2292,8,196384,357,5686,309,1,21,65,1,44,-1
357,2021-02-15,15295835,116355,4290052,5792,204799,437,2301,9,196765,381,5733,315,6,28,68,3,42,-2
358,2021-02-16,15391774,95939,4294962,4910,205183,384,2308,7,197258,493,5617,298,-17,21,63,-5,42,0
359,2021-02-17,15517969,126195,4300484,5522,205597,414,2316,8,197746,488,5535,280,-18,23,57,-6,39,-3
360,2021-02-18,15645009,127040,4306070,5586,206065,468,2319,3,198179,433,5567,269,-11,35,57,0,40,1
361,2021-02-19,15784421,139412,4312061,5991,206617,552,2327,8,198619,440,5671,264,-5,33,51,-6,38,-2
362,2021-02-20,15924564,140143,4317133,5072,207081,464,2333,6,199026,407,5722,248,-16,25,51,0,36,-2
363,2021-02-21,16058426,133862,4322435,5302,207577,496,2338,5,199449,423,5790,248,0,22,53,2,38,2
364,2021-02-22,16164539,106113,4328074,5639,208027,450,2343,5,199818,369,5866,254,6,31,51,-2,36,-2
365,2021-02-23,16271716,107177,4333821,5747,208556,529,2343,0,200263,445,5950,247,-7,27,48,-3,29,-7
366,2021-02-24,16414865,143149,4340416,6595,209079,523,2345,2,200715,452,6019,238,-9,34,47,-1,28,-1
367,2021-02-25,16563403,148538,4347470,7054,209682,603,2351,6,201154,439,6177,235,-3,34,45,-2,24,-4
368,2021-02-26,16701247,137844,4354011,6541,210212,530,2353,2,201531,377,6328,231,-4,26,43,-2,24,0
369,2021-02-27,16864538,163291,4360800,6789,210732,520,2358,5,201848,317,6526,217,-14,27,44,1,23,-1
370,2021-02-28,17016520,151982,4367339,6539,211195,463,2361,3,202181,333,6653,231,14,23,41,-3,21,-2
371,2021-03-01,17154704,138184,4375024,7685,211692,497,2365,4,202517,336,6810,243,12,25,44,3,21,0
372,2021-03-02,17283186,128482,4381956,6932,212224,532,2367,2,202914,397,6943,232,-11,39,39,-5,20,-1
373,2021-03-03,17447358,164172,4389929,7973,212798,574,2370,3,203433,519,6995,225,-7,32,34,-5,19,-1
374,2021-03-04,17602056,154698,4397179,7250,213318,520,2374,4,203934,501,7010,217,-8,32,30,-4,18,-1
375,2021-03-05,17781165,179109,4404899,7720,213932,614,2377,3,204483,549,7072,215,-2,24,31,1,21,3
376,2021-03-06,17948732,167567,4410406,5507,214326,394,2377,0,204936,453,7013,211,-4,44,33,2,21,0
377,2021-03-07,18112278,163546,4416880,6474,214839,513,2379,2,205365,429,7095,224,13,27,37,4,21,0
378,2021-03-08,18230278,118000,4422592,5712,215264,425,2381,2,205832,467,7051,234,10,26,38,1,22,1
379,2021-03-09,18364726,134448,4428838,6246,215791,527,2381,0,206421,589,6989,221,-13,36,38,0,23,1
380,2021-03-10,18549514,184788,4435163,6325,217798,2007,2382,1,207292,871,6783,230,9,32,43,5,24,1
381,2021-03-11,18710990,161476,4442868,7705,218660,862,2384,2,207789,497,6888,222,-8,32,44,1,23,-1
382,2021-03-12,18878460,167470,4448462,5594,219305,645,2387,3,208286,497,6950,225,3,21,38,-6,23,0
383,2021-03-13,19054401,175941,4453402,4940,219918,613,2390,3,208741,455,7033,213,-12,31,39,1,24,1
384,2021-03-14,19215629,161228,4458255,4853,220459,541,2391,1,209142,401,7118,217,4,26,39,0,25,1
385,2021-03-15,19363723,148094,4465025,6770,221071,612,2393,2,209580,438,7202,211,-6,29,40,1,24,-1
386,2021-03-16,19506597,142874,4475899,10874,221842,771,2395,2,210105,525,7206,207,-4,38,43,3,24,0
387,2021-03-17,19685909,179312,4484526,8627,222629,787,2396,1,210642,537,7265,196,-11,31,41,-2,25,1
388,2021-03-18,19867980,182071,4493042,8516,223415,786,2397,1,211160,518,7457,195,-1,31,38,-3,22,-3
389,2021-03-19,20059924,191944,4500747,7705,224258,843,2397,0,211689,529,7710,191,-4,20,38,0,22,0
390,2021-03-20,20237719,177795,4506388,5641,224848,590,2399,2,212196,507,7735,179,-12,23,40,2,24,2
391,2021-03-21,20395849,158130,4511589,5201,225505,657,2400,1,212647,451,7892,184,5,33,40,0,22,-2
392,2021-03-22,20544492,148643,4518272,6683,226277,772,2402,2,213150,503,8024,192,8,46,42,2,21,-1
393,2021-03-23,20695607,151115,4524285,6013,227031,754,2403,1,213788,638,8015,214,22,25,46,4,27,6
394,2021-03-24,20887069,191462,4529960,5675,227894,863,2405,2,214417,629,8208,216,2,33,46,0,28,1
395,2021-03-25,21074483,187414,4536294,6334,225844,-2050,2409,4,214922,505,8513,214,-2,43,44,-2,29,1
396,2021-03-26,21250339,175856,4542692,6398,226633,789,2411,2,215596,674,8626,207,-7,33,40,-4,26,-3
397,2021-03-27,21365442,115103,4546606,3914,227049,416,2413,2,216126,530,8510,192,-15,39,41,1,26,0
398,2021-03-28,21620230,254788,4553950,7344,228013,964,2414,1,216590,464,9009,200,8,34,43,2,27,1
399,2021-03-29,21758892,138662,4558956,5006,228692,679,2415,1,217071,481,9206,216,16,52,41,-2,25,-2
400,2021-03-30,21917801,158909,4566770,7814,229902,1210,2417,2,218246,1175,9239,226,10,36,41,0,24,-1
401,2021-03-31,22095439,177638,4573252,6482,230603,701,2419,2,218985,739,9199,218,-8,47,43,2,21,-3
402,2021-04-01,22296061,200622,4580820,7568,231265,662,2423,4,219695,710,9147,211,-7,37,39,-4,24,3
403,2021-04-02,22488528,192467,4587168,6348,231973,708,2424,1,220354,659,9195,211,0,36,41,2,25,1
404,2021-04-03,22642723,154195,4593090,5922,232718,745,2428,4,221004,650,9286,215,4,31,39,-2,24,-1
405,2021-04-04,22771643,128920,4598256,5166,233318,600,2429,1,221590,586,9299,211,-4,29,39,0,27,3
406,2021-04-05,22905150,133507,4604792,6536,233797,479,2430,1,222152,562,9215,220,9,26,40,1,28,1
407,2021-04-06,23087336,182186,4612666,7874,234317,520,2432,2,223012,860,8873,219,-1,45,38,-2,28,0
408,2021-04-07,23273611,186275,4621382,8716,234931,614,2435,3,223824,812,8672,237,18,33,34,-4,22,-6
409,2021-04-08,23487922,214311,4630906,9524,235648,717,2436,1,224608,784,8604,237,0,36,37,3,20,-2
410,2021-04-09,23671597,183675,4637615,6709,236346,698,2436,0,225255,647,8655,221,-16,32,37,0,24,4
411,2021-04-10,23864589,192992,4643209,5594,237101,755,2439,3,225968,713,8694,208,-13,29,38,1,28,4
412,2021-04-11,24039241,174652,4648892,5683,237792,691,2441,2,226630,662,8721,211,3,25,38,0,28,0
413,2021-04-12,24194760,155519,4654570,5678,238306,514,2443,2,227244,614,8619,207,-4,34,40,2,28,0
414,2021-04-13,24349817,155057,4660514,5944,238869,563,2446,3,228007,763,8416,197,-10,33,39,-1,28,0
415,2021-04-14,24535382,185565,4667268,6754,239532,663,2447,1,228685,678,8400,204,7,30,41,2,29,1
416,2021-04-15,24736711,201329,4674602,7334,240330,798,2449,2,229372,687,8509,191,-13,35,37,-4,29,0
417,2021-04-16,24920538,183827,4680352,5750,241007,677,2452,3,230084,712,8471,185,-6,28,36,-1,30,1
418,2021-04-17,25112344,191806,4684944,4592,241731,724,2452,0,230638,554,8641,173,-12,35,40,4,30,0
419,2021-04-18,25326945,214601,4690693,5749,242633,902,2455,3,231166,528,9012,181,8,39,35,-5,24,-6
420,2021-04-19,25484242,157297,4695060,4367,243374,741,2459,4,231628,462,9287,199,18,43,36,1,23,-1
421,2021-04-20,25634911,150669,4699829,4769,244065,691,2463,4,232191,563,9411,194,-5,38,38,2,23,0
422,2021-04-21,25828533,193622,4706001,6172,244868,803,2465,2,232899,708,9504,191,-3,32,41,3,22,-1
423,2021-04-22,26034805,206272,4712513,6512,245761,893,2467,2,233614,715,9680,191,0,30,44,3,24,2
424,2021-04-23,26232349,197544,4717752,5239,246463,702,2472,5,234341,727,9650,190,-1,30,42,-2,24,0
425,2021-04-24,26436479,204130,4722126,4374,247010,547,2474,2,235065,724,9471,177,-13,32,40,-2,22,-2
426,2021-04-25,26617487,181008,4726376,4250,247622,612,2475,1,235622,557,9525,181,4,16,40,0,22,0
427,2021-04-26,26776953,159466,4730445,4069,248326,704,2477,2,236159,537,9690,177,-4,29,39,-1,21,-1
428,2021-04-27,26941697,164744,4734895,4450,248950,624,2479,2,236925,766,9546,172,-5,41,36,-3,24,3
429,2021-04-28,27117223,175526,4739337,4442,249785,835,2481,2,237753,828,9551,181,9,34,32,-4,21,-3
430,2021-04-29,27284633,167410,4743283,3946,250554,769,2483,2,237757,4,10314,173,-8,41,30,-2,18,-3
431,2021-04-30,27492558,207925,4747547,4264,251428,874,2485,2,239208,1451,9735,176,3,22,35,5,20,2
432,2021-05-01,27665647,173089,4750666,3119,252045,617,2489,4,239913,705,9643,174,-2,25,37,2,20,0
433,2021-05-02,27830212,164565,4754747,4081,252912,867,2490,1,240569,656,9853,179,5,28,37,0,22,2
434,2021-05-03,27981327,151115,4758508,3761,253673,761,2490,0,241279,710,9904,184,5,30,42,5,21,-1
435,2021-05-04,28145907,164580,4762313,3805,254482,809,2491,1,242159,880,9832,163,-21,27,43,1,22,1
436,2021-05-05,28332430,186523,4767134,4821,255470,988,2492,1,243013,854,9965,161,-2,23,40,-3,21,-1
437,2021-05-06,28519633,187203,4771512,4378,256482,1012,2493,1,243718,705,10271,156,-5,26,34,-6,20,-1
438,2021-05-07,28721912,202279,4775903,4391,257505,1023,2495,2,244364,646,10646,157,1,41,31,-3,16,-4
439,2021-05-08,28920116,198204,4779466,3563,258182,677,2497,2,244998,634,10687,143,-14,36,30,-1,16,0
440,2021-05-09,29112854,192738,4783641,4175,259056,874,2497,0,245562,564,10997,150,7,27,31,1,17,1
441,2021-05-10,29282099,169245,4787628,3987,259988,932,2497,0,246169,607,11322,153,3,48,27,-4,17,0
442,2021-05-11,29474240,192141,4791717,4089,260913,925,2499,2,246903,734,11511,165,12,22,32,5,19,2
443,2021-05-12,29700900,226660,4796726,5009,262159,1246,2499,0,247855,952,11805,158,-7,39,29,-3,19,0
444,2021-05-13,29914799,213899,4800912,4186,263514,1355,2499,0,248683,828,12332,154,-4,38,36,7,22,3
445,2021-05-14,30112669,197870,4804604,3692,264465,951,2499,0,249487,804,12479,163,9,46,33,-3,23,1
446,2021-05-15,30317550,204881,4808817,4213,265539,1074,2502,3,250257,770,12780,162,-1,33,33,0,20,-3
447,2021-05-16,30490819,173269,4812957,4140,266503,964,2502,0,250951,694,13050,164,2,32,32,-1,19,-1
448,2021-05-17,30629598,138779,4816038,3081,267339,836,2503,1,251665,714,13171,173,9,27,29,-3,18,-1
449,2021-05-18,30802731,173133,4819546,3508,268255,916,2503,0,252686,1021,13066,166,-7,25,31,2,23,5
450,2021-05-19,30990774,188043,4823421,3875,269343,1088,2505,2,253678,992,13160,163,-3,38,33,2,24,1
451,2021-05-20,31176340,185566,4827161,3740,270557,1214,2506,1,254739,1061,13312,160,-3,22,33,0,22,-2
452,2021-05-21,31387709,211369,4831129,3968,271908,1351,2506,0,255624,885,13778,143,-17,42,31,-2,18,-4
453,2021-05-22,31577061,189352,4834114,2985,272659,751,2507,1,256535,911,13617,146,3,23,32,1,19,1
454,2021-05-23,31739700,162639,4837024,2910,273494,835,2508,1,257387,852,13599,139,-7,28,35,3,20,1
455,2021-05-24,31884302,144602,4840018,2994,274413,919,2509,1,258184,797,13720,143,4,23,37,2,20,0
456,2021-05-25,32023461,139159,4842541,2523,275207,794,2510,1,259313,1129,13384,148,5,30,36,-1,20,0
457,2021-05-26,32184701,161240,4845604,3063,276280,1073,2511,1,260645,1332,13124,148,0,31,36,0,22,2
458,2021-05-27,32345250,160549,4848711,3107,277399,1119,2511,0,261844,1199,13044,149,1,38,36,0,22,0
459,2021-05-28,32494298,149048,4851403,2692,278396,997,2512,1,262748,904,13136,143,-6,33,33,-3,22,0
460,2021-05-29,32697889,203591,4854469,3066,279434,1038,2516,4,263618,870,13300,144,1,26,33,0,22,0
461,2021-05-30,32841193,143304,4857425,2956,280383,949,2516,0,264562,944,13305,148,4,20,32,-1,21,-1
462,2021-05-31,32952067,110874,4859892,2467,281227,844,2516,0,265478,916,13233,153,5,38,34,2,22,1
463,2021-06-01,33083579,131512,4862703,2811,282135,908,2516,0,266626,1148,12993,155,2,29,36,2,22,0
464,2021-06-02,33218652,135073,4865484,2781,283089,954,2516,0,267808,1182,12765,157,2,25,37,1,26,4
465,2021-06-03,33345460,126808,4868159,2675,284117,1028,2517,1,268938,1130,12662,143,-14,27,34,-3,23,-3
466,2021-06-04,33506621,161161,4871234,3075,285044,927,2517,0,269956,1018,12571,145,2,23,32,-2,22,-1
467,2021-06-05,33678455,171834,4874084,2850,285636,592,2518,1,270784,828,12334,134,-11,14,30,-2,22,0
468,2021-06-06,33822565,144110,4877074,2990,286489,853,2518,0,271568,784,12403,138,4,14,29,-1,22,0
469,2021-06-07,33886892,64327,4878485,1411,286948,459,2520,2,272371,803,12057,137,-1,26,27,-2,19,-3
470,2021-06-08,33966993,80101,4880115,1630,287325,377,2520,0,273241,870,11564,124,-13,16,27,0,19,0
471,2021-06-09,34147932,180939,4883529,3414,288229,904,2520,0,274334,1093,11375,122,-2,30,27,0,17,-2
472,2021-06-10,34254975,107043,4885615,2086,288704,475,2522,2,275524,1190,10658,120,-2,17,22,-5,16,-1
473,2021-06-11,34367324,112349,4887643,2028,289122,418,2523,1,276517,993,10082,111,-9,14,23,1,16,0
474,2021-06-12,34530512,163188,4889978,2335,289559,437,2525,2,277448,931,9586,99,-12,10,20,-3,14,-2
475,2021-06-13,34622137,91625,4891760,1782,289874,315,2525,0,278256,808,9093,98,-1,19,20,0,15,1
476,2021-06-14,34689733,67596,4893024,1264,290111,237,2526,1,279072,816,8513,102,4,18,20,0,16,1
477,2021-06-15,34770813,81080,4894575,1551,290333,222,2527,1,280084,1012,7722,101,-1,12,19,-1,12,-4
478,2021-06-16,34866583,95770,4896338,1763,290686,353,2527,0,281195,1111,6964,93,-8,11,20,1,14,2
479,2021-06-17,34959438,92855,4898063,1725,291017,331,2528,1,282123,928,6366,84,-9,7,19,-1,15,1
480,2021-06-18,35050613,91175,4899662,1599,291220,203,2528,0,282878,755,5814,84,0,11,20,1,15,0
481,2021-06-19,35161829,111216,4901419,1757,291463,243,2530,2,283587,709,5346,76,-8,12,20,0,15,0
482,2021-06-20,35236713,74884,4903006,1587,291652,189,2530,0,284211,624,4911,80,4,12,19,-1,15,0
483,2021-06-21,35292983,56270,4904192,1186,291801,149,2531,1,284752,541,4518,82,2,7,17,-2,14,-1
484,2021-06-22,35364631,71648,4905584,1392,291956,155,2531,0,285375,623,4050,67,-15,9,18,1,13,-1
485,2021-06-23,35444226,79595,4907098,1514,292179,223,2531,0,285891,516,3757,64,-3,10,15,-3,11,-2
486,2021-06-24,35516506,72280,4908717,1619,292352,173,2531,0,286366,475,3455,68,4,8,16,1,11,0
487,2021-06-25,35609312,92806,4910980,2263,292574,222,2531,0,286787,421,3256,65,-3,8,17,1,11,0
488,2021-06-26,35724148,114836,4913370,2390,292769,195,2531,0,287101,314,3137,63,-2,7,17,0,11,0
489,2021-06-27,35795599,71451,4915160,1790,292943,174,2532,1,287344,243,3067,66,3,5,17,0,10,-1
490,2021-06-28,35856185,60586,4916778,1618,293094,151,2533,1,287570,226,2991,65,-1,3,14,-3,11,1
491,2021-06-29,35925104,68919,,,293337,243,2534,1,287882,312,2921,62,-3,4,14,0,12,1
492,2021-06-30,36003832,78728,,,293677,340,2534,0,288190,308,2953,55,-7,8,12,-2,11,-1
493,2021-07-01,36086820,82988,,,294152,475,2535,1,288476,286,3141,52,-3,11,12,0,11,0
494,2021-07-02,36181176,94356,,,294478,326,2536,1,288691,215,3251,48,-4,6,11,-1,10,-1
495,2021-07-03,36316346,135170,,,294925,447,2537,1,288894,203,3494,43,-5,3,10,-1,8,-2
496,2021-07-04,36420572,104226,,,295317,392,2537,0,289066,172,3714,39,-4,5,9,-1,7,-1
497,2021-07-05,36486509,65937,,,295654,337,2537,0,289221,155,3896,40,1,10,9,0,7,0
498,2021-07-06,36570384,83875,,,296196,542,2538,1,289418,197,4240,43,3,7,8,-1,8,1
499,2021-07-07,36667410,97026,,,296885,689,2538,0,289605,187,4742,39,-4,8,9,1,8,0
500,2021-07-08,36759079,91669,,,297543,658,2538,0,289811,206,5194,38,-1,13,8,-1,7,-1
501,2021-07-09,36859809,100730,,,298094,551,2538,0,290033,222,5523,35,-3,7,9,1,7,0
502,2021-07-10,36978670,118861,,,298614,520,2539,1,290228,195,5847,28,-7,8,9,0,7,0
503,2021-07-11,37077343,98673,,,299223,609,2539,0,290372,144,6312,29,1,13,9,0,7,0
504,2021-07-12,37155275,77932,,,300071,848,2539,0,290555,183,6977,37,8,15,9,0,7,0
505,2021-07-13,37238976,83701,,,301126,1055,2539,0,290841,286,7746,47,10,19,10,1,9,2
506,2021-07-14,37322018,83042,,,302328,1202,2539,0,291240,399,8549,51,4,15,12,2,9,0
507,2021-07-15,37403303,81285,,,303469,1141,2540,1,291712,472,9217,51,0,17,11,-1,9,0
508,2021-07-16,37491338,88035,,,304429,960,2541,1,292099,387,9789,53,2,15,11,0,11,2
509,2021-07-17,37612296,120958,,,305459,1030,2542,1,292468,369,10449,55,2,10,10,-1,9,-2
510,2021-07-18,37691002,78706,,,306100,641,2542,0,292825,357,10733,53,-2,12,10,0,9,0
511,2021-07-19,37772813,81811,,,306944,844,2542,0,293230,405,11172,50,-3,18,9,-1,8,-1
512,2021-07-20,37857162,84349,,,307764,820,2542,0,293906,676,11316,50,0,15,10,1,7,-1
513,2021-07-21,37933012,75850,,,308615,851,2542,0,294559,653,11514,55,5,14,12,2,7,0
514,2021-07-22,38004316,71304,,,309420,805,2542,0,295176,617,11702,57,2,14,13,1,8,1
515,2021-07-23,38078186,73870,,,310127,707,2542,0,295717,541,11868,55,-2,14,11,-2,6,-2
516,2021-07-24,38163598,85412,,,310876,749,2542,0,296282,565,12052,56,1,8,10,-1,6,0
517,2021-07-25,38228545,64947,,,311520,644,2542,0,296932,650,12046,59,3,19,10,0,6,0
518,2021-07-26,38288367,59822,,,312292,772,2543,1,297851,919,11898,60,1,17,10,0,6,0
519,2021-07-27,38334689,46322,,,312851,559,2546,3,298953,1102,11352,61,1,24,10,0,5,-1
520,2021-07-28,38414984,80295,,,314135,1284,2547,1,300154,1201,11434,64,3,16,10,0,5,0
521,2021-07-29,38471352,56368,,,314983,848,2548,1,301343,1189,11092,57,-7,17,10,0,5,0
522,2021-07-30,38544679,73327,,,316068,1085,2548,0,302377,1034,11143,56,-1,21,8,-2,8,3
523,2021-07-31,38614076,69397,,,316807,739,2549,1,303182,805,11076,54,-2,11,8,0,8,0
524,2021-08-01,38682934,68858,,,317700,893,2549,0,303958,776,11193,57,3,12,8,0,7,-1
525,2021-08-02,38739573,56639,,,318485,785,2550,1,304669,711,11266,54,-3,12,8,0,8,1
526,2021-08-03,38791426,51853,,,319295,810,2550,0,305519,850,11226,62,8,20,8,0,8,0
527,2021-08-04,38847576,56150,,,320222,927,2550,0,306324,805,11348,59,-3,15,8,0,8,0
528,2021-08-05,38901210,53634,,,321154,932,2552,2,307121,797,11481,62,3,26,9,1,8,0
529,2021-08-06,38961307,60097,,,322019,865,2552,0,307823,702,11644,69,7,19,12,3,10,2
530,2021-08-07,39033170,71863,,,322965,946,2552,0,308549,726,11864,67,-2,22,12,0,10,0
531,2021-08-08,39097604,64434,,,323786,821,2552,0,309182,633,12052,80,13,17,13,1,11,1
532,2021-08-09,39159198,61594,,,324721,935,2552,0,309949,767,12220,83,3,26,13,0,11,0
533,2021-08-10,39219874,60676,,,325725,1004,2554,2,310972,1023,12199,85,2,30,14,1,11,0
534,2021-08-11,39281517,61643,,,326887,1162,2554,0,311932,960,12401,103,18,32,18,4,12,1
535,2021-08-12,39338589,57072,,,327972,1085,2555,1,312907,975,12510,113,10,26,16,-2,12,0
536,2021-08-13,39401498,62909,,,329010,1038,2558,3,313785,878,12667,101,-12,22,14,-2,11,-1
537,2021-08-14,39472250,70752,,,329927,917,2559,1,314618,833,12750,94,-7,25,16,2,11,0
538,2021-08-15,39526684,54434,,,330777,850,2560,1,315363,745,12854,107,13,31,15,-1,9,-2
539,2021-08-16,39584990,58306,,,331736,959,2560,0,316180,817,12996,117,10,31,15,0,10,1
540,2021-08-17,39640865,55875,,,332622,886,2562,2,317084,904,12976,101,-16,27,15,0,8,-2
541,2021-08-18,39715289,74424,,,333815,1193,2562,0,317959,875,13294,105,4,34,16,1,7,-1
542,2021-08-19,39784158,68869,,,334799,984,2562,0,318881,922,13356,116,11,32,15,-1,6,-1
543,2021-08-20,39856392,72234,,,335722,923,2563,1,319811,930,13348,115,-1,29,16,1,7,1
544,2021-08-21,39936685,80293,,,336746,1024,2564,1,320725,914,13457,115,0,40,15,-1,7,0
545,2021-08-22,39997828,61143,,,337466,720,2566,2,321556,831,13344,124,9,34,20,5,8,1
546,2021-08-23,40046839,49011,,,338240,774,2567,1,322525,969,13148,131,7,26,18,-2,8,0
547,2021-08-24,40134379,87540,,,339580,1340,2568,1,323603,1078,13409,131,0,34,20,2,6,-2
548,2021-08-25,40210699,76320,,,340567,987,2571,3,324663,1060,13333,133,2,33,21,1,7,1
549,2021-08-26,40292775,82076,,,341549,982,2573,2,325647,984,13329,127,-6,27,19,-2,7,0
550,2021-08-27,40368961,76186,,,342474,925,2576,3,326650,1003,13248,126,-1,39,19,0,8,1
551,2021-08-28,40454535,85574,,,343351,877,2577,1,327615,965,13159,124,-2,27,19,0,11,3
552,2021-08-29,40521763,67228,,,344088,737,2580,3,328434,819,13074,129,5,19,19,0,12,1
553,2021-08-30,40577747,55984,,,344850,762,2580,0,329368,934,12902,142,13,40,22,3,13,1
554,2021-08-31,40641927,64180,,,345693,843,2584,4,330463,1095,12646,147,5,31,21,-1,13,0
555,2021-09-01,40705766,63839,,,346518,825,2584,0,331499,1036,12435,134,-13,30,25,4,15,2
556,2021-09-02,40764111,58345,,,347212,694,2584,0,332471,972,12157,132,-2,30,25,0,16,1
557,2021-09-03,40836553,72442,,,347909,697,2587,3,333484,1013,11838,137,5,18,26,1,16,0
558,2021-09-04,40889112,52559,,,348347,438,2590,3,334468,984,11289,121,-16,26,26,0,17,1
559,2021-09-05,40949101,59989,,,348979,632,2590,0,335230,762,11159,124,3,23,26,0,17,0
560,2021-09-06,40989250,40149,,,349440,461,2592,2,336212,982,10636,125,1,29,26,0,18,1
561,2021-09-07,41032944,43694,,,349891,451,2594,2,337244,1032,10053,123,-2,31,26,0,20,2
562,2021-09-08,41084917,51973,,,350405,514,2599,5,338260,1016,9546,128,5,23,28,2,20,0
563,2021-09-09,41136316,51399,,,350996,591,2604,5,339205,945,9187,132,4,27,28,0,20,0
564,2021-09-10,41194267,57951,,,351553,557,2608,4,340220,1015,8725,132,0,20,29,1,20,0
565,2021-09-11,41241892,47625,,,351939,386,2611,3,340952,732,8376,124,-8,11,32,3,19,-1
566,2021-09-12,41287117,45225,,,352373,434,2611,0,341621,669,8141,125,1,17,32,0,19,0
567,2021-09-13,41313970,26853,,,352636,263,2614,3,342393,772,7629,125,0,22,30,-2,19,0
568,2021-09-14,41365892,51922,,,353061,425,2614,0,343299,906,7148,117,-8,11,30,0,20,1
569,2021-09-15,41408761,42869,,,353431,370,2617,3,344102,803,6712,116,-1,14,28,-2,18,-2
570,2021-09-16,41449972,41211,,,353744,313,2619,2,344824,722,6301,102,-14,15,26,-2,19,1
571,2021-09-17,41496361,46389,,,354068,324,2622,3,345411,587,6035,105,3,12,24,-2,16,-3
572,2021-09-18,41538323,41962,,,354393,325,2625,3,345948,537,5820,97,-8,10,23,-1,17,1
573,2021-09-19,41567782,29459,,,354645,252,2628,3,346364,416,5653,98,1,11,23,0,16,-1
574,2021-09-20,41594112,26330,,,354913,268,2630,2,346831,467,5452,99,1,17,22,-1,17,1
575,2021-09-21,41631312,37200,,,355257,344,2633,3,347420,589,5204,96,-3,13,22,0,15,-2
576,2021-09-22,41671208,39896,,,355603,346,2634,1,348027,607,4942,89,-7,13,22,0,15,0
577,2021-09-23,41719370,48162,,,355944,341,2638,4,348523,496,4783,87,-2,11,18,-4,12,-3
578,2021-09-24,41759011,39641,,,356326,382,2640,2,349014,491,4672,87,0,13,17,-1,11,-1
579,2021-09-25,41798647,39636,,,356684,358,2640,0,349396,382,4648,77,-10,12,18,1,11,0
580,2021-09-26,41825724,27077,,,357037,353,2642,2,349700,304,4695,85,8,20,17,-1,11,0
581,2021-09-27,41852632,26908,,,357370,333,2646,4,350027,327,4697,95,10,12,18,1,12,1
582,2021-09-28,41887792,35160,,,357827,457,2652,6,350430,403,4745,93,-2,9,15,-3,9,-3
583,2021-09-29,41927869,40077,,,358369,542,2654,2,350776,346,4939,89,-4,17,16,1,9,0
584,2021-09-30,41965958,38089,,,358796,427,2656,2,351093,317,5047,93,4,13,18,2,11,2
585,2021-10-01,42009048,43090,,,359237,441,2659,3,351407,314,5171,83,-10,22,15,-3,9,-2
586,2021-10-02,42047719,38671,,,359663,426,2663,4,351716,309,5284,85,2,6,12,-3,8,-1
587,2021-10-03,42075609,27890,,,360031,368,2663,0,351920,204,5448,82,-3,9,12,0,8,0
588,2021-10-04,42103760,28151,,,360411,380,2664,1,352189,269,5558,86,4,18,12,0,8,0
589,2021-10-05,42138428,34668,,,360888,477,2664,0,352568,379,5656,87,1,23,13,1,8,0
590,2021-10-06,42177944,39516,,,361461,573,2665,1,352914,346,5882,95,8,21,11,-2,7,-1
591,2021-10-07,42220386,42442,,,362068,607,2668,3,353281,367,6119,98,3,11,11,0,8,1
592,2021-10-08,42261258,40872,,,362738,670,2669,1,353656,375,6413,88,-10,12,14,3,9,1
593,2021-10-09,42307950,46692,,,363356,618,2669,0,354012,356,6675,77,-11,17,17,3,11,2
594,2021-10-10,42341342,33392,,,363900,544,2669,0,354347,335,6884,83,6,15,15,-2,11,0
595,2021-10-11,42377693,36351,,,364464,564,2671,2,354696,349,7097,89,6,17,17,2,12,1
596,2021-10-12,42419422,41729,,,365051,587,2674,3,355181,485,7196,89,0,14,17,0,11,-1
597,2021-10-13,42474458,55036,,,365840,789,2674,0,355718,537,7448,91,2,38,18,1,11,0
598,2021-10-14,42530729,56271,,,366607,767,2676,2,356134,416,7797,90,-1,25,16,-2,10,-1
599,2021-10-15,42591067,60338,,,367307,700,2679,3,356575,441,8053,105,15,31,14,-2,10,0
600,2021-10-16,42658054,66987,,,368060,753,2680,1,356970,395,8410,110,5,24,15,1,10,0
601,2021-10-17,42708991,50937,,,368651,591,2685,5,357295,325,8671,120,10,20,15,0,11,1
602,2021-10-18,42753846,44855,,,369403,752,2688,3,357705,410,9010,121,1,36,13,-2,7,-4
603,2021-10-19,42794706,40860,,,370159,756,2690,2,358272,567,9197,120,-1,23,15,2,8,1
604,2021-10-20,42851848,57142,,,371286,1127,2694,4,358833,561,9759,126,6,39,11,-4,8,0
605,2021-10-21,42918123,66275,,,372533,1247,2696,2,359467,634,10370,132,6,36,14,3,8,0
606,2021-10-22,42997904,79781,,,373803,1270,2696,0,360119,652,10988,144,12,42,16,2,9,1
607,2021-10-23,43080477,82573,,,375065,1262,2697,1,360725,606,11643,156,12,35,16,0,9,0
608,2021-10-24,43147669,67192,,,376414,1349,2699,2,361191,466,12524,167,11,45,19,3,11,2
609,2021-10-25,43214535,66866,,,377825,1411,2699,0,361746,555,13380,186,19,37,20,1,10,-1
610,2021-10-26,43279802,65267,,,379078,1253,2703,4,362497,751,13878,195,9,37,22,2,11,1
611,2021-10-27,43374042,94240,,,380949,1871,2708,5,363255,758,14986,200,5,55,23,1,12,1
612,2021-10-28,43462989,88947,,,382796,1847,2709,1,364002,747,16085,212,12,43,24,1,13,1
613,2021-10-29,43561443,98454,,,384580,1784,2709,0,364764,762,17107,221,9,48,28,4,15,2
614,2021-10-30,43670361,108918,,,386251,1671,2713,4,365421,657,18117,219,-2,44,26,-2,15,0
615,2021-10-31,43761373,91012,,,387783,1532,2714,1,366021,600,19048,233,14,47,24,-2,13,-2
616,2021-11-01,43830928,69555,,,389240,1457,2716,2,366733,712,19791,248,15,64,29,5,13,0
617,2021-11-02,43926703,95775,,,391221,1981,2716,0,367699,966,20806,255,7,60,32,3,15,2
618,2021-11-03,44041068,114365,,,393199,1978,2717,1,368820,1121,21662,264,9,52,30,-2,15,0
619,2021-11-04,44172232,131164,,,395797,2598,2722,5,370106,1286,22969,246,-18,63,31,1,16,1
620,2021-11-05,44293139,120907,,,398048,2251,2725,3,371503,1397,23820,263,17,48,35,4,18,2
621,2021-11-06,44432408,139269,,,400145,2097,2735,10,372741,1238,24669,277,14,44,36,1,20,2
622,2021-11-07,44565912,133504,,,402561,2416,2738,3,373929,1188,25894,282,5,56,40,4,23,3
623,2021-11-08,44667841,101929,,,404855,2294,2740,2,375364,1435,26751,303,21,63,36,-4,21,-2
624,2021-11-09,44777511,109670,,,407417,2562,2742,2,376978,1614,27697,315,12,53,39,3,23,2
625,2021-11-10,44921855,144344,,,410434,3017,2745,3,378879,1901,28810,319,4,70,39,0,23,0
626,2021-11-11,45027412,105557,,,412566,2132,2749,4,380701,1822,29116,307,-12,69,41,2,24,1
627,2021-11-12,45247292,219880,,,417151,4585,2753,4,382477,1776,31921,316,9,77,43,2,22,-2
628,2021-11-13,45419608,172316,,,420099,2948,2760,7,384095,1618,33244,319,3,65,38,-5,22,0
629,2021-11-14,45578122,158514,,,423322,3223,2767,7,385492,1397,35063,346,27,68,40,2,23,1
630,2021-11-15,45729403,151281,,,426992,3670,2772,5,387199,1707,37021,356,10,89,40,0,23,0
631,2021-11-16,45879990,150587,,,430891,3899,2781,9,389395,2196,38715,371,15,84,44,4,22,-1
632,2021-11-17,46042731,162741,,,434798,3907,2786,5,391721,2326,40291,369,-2,79,47,3,24,2
633,2021-11-18,46217154,174423,,,438811,4013,2792,6,394029,2308,41990,362,-7,81,50,3,26,2
634,2021-11-19,46397620,180466,,,442881,4070,2797,5,396367,2338,43717,378,16,78,48,-2,24,-2
635,2021-11-20,46587177,189557,,,446676,3795,2807,10,398578,2211,45291,386,8,84,50,2,24,0
636,2021-11-21,46730939,143762,,,450091,3415,2810,3,400536,1958,46745,414,28,73,51,1,21,-3
637,2021-11-22,46864721,133782,,,453802,3711,2816,6,403112,2576,47874,438,24,90,50,-1,20,-1
638,2021-11-23,47029317,164596,,,458001,4199,2820,4,405504,2392,49677,444,6,83,49,-1,22,2
639,2021-11-24,47211158,181841,,,462427,4426,2829,9,408113,2609,51485,435,-9,73,49,0,22,0
640,2021-11-25,47394955,183797,,,466817,4390,2841,12,410795,2682,53181,411,-24,87,48,-1,23,1
641,2021-11-26,47589055,194100,,,470893,4076,2850,9,413762,2967,54281,426,15,87,53,5,26,3
642,2021-11-27,47787416,198361,,,474637,3744,2863,13,417325,3563,54449,418,-8,74,50,-3,29,3
643,2021-11-28,47973516,186100,,,478927,4290,2872,9,420751,3426,55304,435,17,77,51,1,34,5
644,2021-11-29,48131009,157493,,,483253,4326,2883,11,424017,3266,56353,446,11,83,60,9,34,0
645,2021-11-30,48291592,160583,,,487401,4148,2895,12,427633,3616,56873,433,-13,97,60,0,34,0
646,2021-12-01,48486729,195137,,,492521,5120,2909,14,431477,3844,58135,439,6,85,61,1,35,1
647,2021-12-02,48676424,189695,,,497201,4680,2912,3,435409,3932,58880,427,-12,89,57,-4,35,0
648,2021-12-03,48873356,196932,,,501760,4559,2927,15,439410,4001,59423,449,22,100,57,0,32,-3
649,2021-12-04,49070283,196927,,,506085,4325,2939,12,443397,3987,59749,434,-15,91,58,1,35,3
650,2021-12-05,49191887,121604,,,509111,3026,2946,7,447166,3769,58999,447,13,80,58,0,36,1
651,2021-12-06,49412783,220896,,,516257,7146,2956,10,450750,3584,62551,468,21,115,65,7,39,3
652,2021-12-07,49599027,186244,,,522581,6324,2965,9,454509,3759,65107,465,-3,95,66,1,39,0
653,2021-12-08,49797250,198223,,,529210,6629,2972,7,458643,4134,67595,461,-4,102,66,0,38,-1
654,2021-12-09,50014118,216868,,,536195,6985,2983,11,463003,4360,70209,460,-1,88,67,1,37,-1
655,2021-12-10,50234501,220383,,,542794,6599,2996,13,467324,4321,72474,472,12,118,65,-2,35,-2
656,2021-12-11,50454821,220320,,,548400,5606,3005,9,471396,4072,73999,455,-17,79,60,-5,36,1
657,2021-12-12,50637135,182314,,,554389,5989,3014,9,475360,3964,76015,468,13,95,65,5,42,6
658,2021-12-13,50822586,185451,,,562188,7799,3023,9,479523,4163,79642,480,12,124,64,-1,42,0
659,2021-12-14,51023908,201322,,,570502,8314,3030,7,483796,4273,83676,498,18,107,70,6,46,4
660,2021-12-15,51229130,205222,,,579275,8773,3039,9,488232,4436,88004,508,10,138,66,-4,43,-3
661,2021-12-16,51437628,208498,,,589274,9999,3051,12,492999,4767,93224,517,9,116,61,-5,42,-1
662,2021-12-17,51660396,222768,,,606543,17269,3054,3,497759,4760,99655,518,1,127,63,2,37,-5
663,2021-12-18,51894066,233670,,,615415,8872,3067,13,502290,4531,103705,533,15,107,65,2,35,-2
664,2021-12-19,52085644,191578,,,623937,8522,3076,9,506349,4059,107849,560,27,98,63,-2,35,0
665,2021-12-20,52289111,203467,,,634376,10439,3084,8,510730,4381,113542,581,21,124,66,3,33,-2
666,2021-12-21,52532188,243077,,,647934,13558,3144,60,516641,5911,120628,554,-27,132,67,1,35,2
667,2021-12-22,52781045,248857,,,661320,13386,3158,14,523247,6606,126863,553,-1,147,66,-1,37,2
668,2021-12-23,53025695,244650,,,673807,12487,3173,15,529889,6642,132080,570,17,142,72,6,38,1
669,2021-12-24,53279519,253824,,,685036,11229,3187,14,536689,6800,135968,538,-32,91,74,2,39,1
670,2021-12-25,53486898,207379,,,695063,10027,3197,10,543136,6447,139075,522,-16,122,73,-1,44,5
671,2021-12-26,53676738,189840,,,709907,14844,3210,13,549086,5950,147312,579,57,112,71,-2,43,-1
672,2021-12-27,53807424,130686,,,726071,16164,3217,7,555432,6346,156484,608,29,184,70,-1,46,3
673,2021-12-28,53914434,107010,,,739071,13000,3231,14,562907,7475,161325,666,58,174,71,1,50,4
674,2021-12-29,54103946,189512,,,762299,23228,3247,16,571207,8300,175032,675,9,186,77,6,52,2
675,2021-12-30,54309099,205153,,,783702,21403,3256,9,580172,8965,186338,665,-10,172,75,-2,50,-2
676,2021-12-31,54531306,222207,,,802397,18695,3267,11,590163,9991,193941,641,-24,126,73,-2,49,-1
677,2022-01-01,54725905,194599,,,823282,20885,3272,5,600408,10245,203527,647,6,174,73,0,49,0
678,2022-01-02,54791230,65325,,,831236,7954,3287,15,609557,9149,201913,709,62,181,76,3,50,1
679,2022-01-03,54867508,76278,,,840037,8801,3292,5,618332,8775,201402,770,61,229,73,-3,46,-4
680,2022-01-04,55055618,188110,,,865110,25073,3307,15,628690,10358,214401,794,24,191,77,4,47,1
681,2022-01-05,55286888,231270,,,893393,28283,3322,15,640953,12263,228323,784,-10,162,80,3,49,2
682,2022-01-06,55510139,223251,,,919388,25995,3333,11,653613,12660,239620,756,-28,178,82,2,47,-2
683,2022-01-07,55704816,194677,,,937649,18261,3343,10,665439,11826,244563,755,-1,148,78,-4,53,6
684,2022-01-08,55879333,174517,,,950237,12588,3371,28,676150,10711,245428,730,-25,130,78,0,52,-1
685,2022-01-09,56089888,210555,,,969485,19248,3385,14,687158,11008,252327,723,-7,160,77,-1,50,-2
686,2022-01-10,56223634,133746,,,983899,14414,3394,9,700530,13372,252419,777,54,199,74,-3,47,-3
687,2022-01-11,56407838,184204,,,1006295,22396,3408,14,714925,14395,258947,754,-23,209,73,-1,46,-1
688,2022-01-12,56609553,201715,,,1030638,24343,3433,25,730477,15552,266099,751,-3,195,73,0,46,0
689,2022-01-13,56821156,211603,,,1056389,25751,3453,20,749641,19164,270844,755,4,214,64,-9,38,-8
690,2022-01-14,57012530,191374,,,1080003,23614,3468,15,769688,20047,272877,757,2,191,60,-4,36,-2
691,2022-01-15,57235872,223342,,,1105037,25034,3484,16,788520,18832,277419,711,-46,171,59,-1,40,4
692,2022-01-16,57423047,187175,,,1131206,26169,3494,10,804727,16207,285757,734,23,209,59,0,41,1
693,2022-01-17,57593142,170095,,,1159986,28780,3505,11,815528,10801,301910,802,68,263,52,-7,37,-4
694,2022-01-18,57786272,193130,,,1193479,33493,3519,14,827393,11865,321522,810,8,252,49,-3,29,-8
695,2022-01-19,58010757,224485,,,1232238,38759,3535,16,847696,20303,337677,821,11,229,50,1,30,1
696,2022-01-20,58241548,230791,,,1272864,40626,3550,15,872631,24935,350714,825,4,233,49,-1,28,-2
697,2022-01-21,58509640,268092,,,1319695,46831,3571,21,895360,22729,371635,813,-12,238,44,-5,29,1
698,2022-01-22,58750232,240592,,,1355815,36120,3596,25,912643,17283,388162,781,-32,222,45,1,28,-1
699,2022-01-23,58978350,228118,,,1397833,42018,3608,12,927120,14477,412936,813,32,249,42,-3,27,-1
700,2022-01-24,59172530,194180,,,1438181,40348,3621,13,942350,15230,435540,894,81,304,43,1,29,2
701,2022-01-25,59386146,213616,,,1484771,46590,3635,14,958801,16451,462809,918,24,307,44,1,28,-1
702,2022-01-26,59605793,219647,,,1531518,46747,3656,21,978320,19519,486988,938,20,296,40,-4,25,-3
703,2022-01-27,59839212,233419,,,1582551,51033,3674,18,1000901,22581,512303,955,17,311,37,-3,22,-3
704,2022-01-28,60085734,246522,,,1636206,53655,3700,26,1024072,23171,539498,967,12,274,33,-4,19,-3
705,2022-01-29,60294123,208389,,,1677289,41083,3717,17,1046949,22877,555355,922,-45,241,35,2,19,0
706,2022-01-30,60456545,162422,,,1713485,36196,3738,21,1070307,23358,566117,948,26,258,31,-4,15,-4
707,2022-01-31,60566463,109918,,,1742569,29084,3755,17,1095173,24866,568840,1028,80,343,32,1,15,0
708,2022-02-01,60725512,159049,,,1787935,45366,3770,15,1122667,27494,584182,1070,42,354,28,-4,14,-1
709,2022-02-02,60930164,204652,,,1842936,55001,3790,20,1154272,31605,604566,1092,22,373,26,-2,16,2
710,2022-02-03,61096367,166203,,,1887161,44225,3811,21,1189879,35607,610650,1116,24,362,27,1,12,-4
711,2022-02-04,61261300,164933,,,1927340,40179,3828,17,1228909,39030,609541,1156,40,373,33,6,13,1
712,2022-02-05,61434027,172727,,,1966530,39190,3863,35,1268700,39791,606844,1138,-18,301,31,-2,12,-1
713,2022-02-06,61574425,140398,,,2003042,36512,3881,18,1306351,37651,603846,1203,65,322,34,3,12,0
714,2022-02-07,61694818,120393,,,2037891,34849,3909,28,1343903,37552,599279,1294,91,451,31,-3,12,0
715,2022-02-08,61851511,156693,,,2087689,49798,3927,18,1383576,39673,606627,1315,21,420,39,8,15,3
716,2022-02-09,62029428,177917,,,2142809,55120,3948,21,1425835,42259,616205,1332,17,445,34,-5,11,-4
717,2022-02-10,62201611,172183,,,2196556,53747,3977,29,1470607,44772,621946,1354,22,412,33,-1,12,1
718,2022-02-11,62367831,166220,,,2244726,48170,4001,24,1518092,47485,619639,1370,16,412,32,-1,9,-3
719,2022-02-12,62539085,171254,,,2289076,44350,4038,37,1564954,46862,614561,1316,-54,297,30,-2,9,0
720,2022-02-13,62672034,132949,,,2327399,38323,4068,30,1605463,40509,610306,1356,40,366,25,-5,8,-1
721,2022-02-14,62763670,91636,,,2356873,29474,4109,41,1639123,33660,604618,1465,109,480,25,0,11,3
722,2022-02-15,62894233,130563,,,2399851,42978,4139,30,1672174,33051,612315,1523,58,454,31,6,13,2
723,2022-02-16,63032952,138719,,,2442799,42948,4163,24,1713503,41329,611503,1498,-25,458,31,0,14,1
724,2022-02-17,63163225,130273,,,2483399,40600,4207,44,1760648,47145,602756,1604,106,468,31,0,14,0
725,2022-02-18,63284340,121115,,,2519057,35658,4250,43,1803991,43343,593069,1615,11,398,33,2,19,5
726,2022-02-19,63412111,127771,,,2552361,33304,4278,28,1842670,38679,585829,1546,-69,308,37,4,18,-1
727,2022-02-20,63499028,86917,,,2578051,25690,4312,34,1879387,36717,573387,1587,41,357,40,3,18,0
728,2022-02-21,63588569,89541,,,2606934,28883,4341,29,1914258,34871,565893,1717,130,489,44,4,17,-1
729,2022-02-22,63688574,100005,,,2637414,30480,4375,34,1951192,36934,557698,1759,42,408,34,-10,12,-5
730,2022-02-23,63791648,103074,,,2666454,29040,4422,47,1995929,44737,540387,1721,-38,394,36,2,12,0
731,2022-02-24,63884039,92391,,,2691663,25209,4461,39,2046253,50324,513812,1746,25,394,37,1,15,3
732,2022-02-25,63974051,90012,,,2714447,22784,4501,40,2095789,49536,485748,1762,16,358,45,8,17,2
733,2022-02-26,64052943,78892,,,2731806,17359,4538,37,2141481,45692,456418,1572,-190,248,45,0,14,-3
734,2022-02-27,64112886,59943,,,2748260,16454,4584,46,2182763,41282,430678,1643,71,271,48,3,16,2
735,2022-02-28,64169305,56419,,,2764838,16578,4612,28,2218364,35601,410783,1751,108,418,42,-6,16,0
736,2022-03-01,64237136,67831,,,2783399,18561,4649,37,2251636,33272,394982,1734,-17,342,48,6,16,0
737,2022-03-02,64314882,77746,,,2803857,20458,4687,38,2289164,37528,376773,1666,-68,303,42,-6,16,0
738,2022-03-03,64381938,67056,,,2820526,16669,4731,44,2329240,40076,352539,1666,0,314,42,0,16,0
739,2022-03-04,64448994,67056,,,2837501,16975,4772,41,2367021,37781,330604,1602,-64,357,34,-8,15,-1
740,2022-03-05,64516426,67432,,,2853236,15735,4830,58,2401348,34327,311150,1535,-67,216,35,1,19,4
741,2022-03-06,64557398,40972,,,2864063,10827,4868,38,2431584,30236,291177,1556,21,244,37,2,16,-3
742,2022-03-07,64600899,43501,,,2876288,12225,4905,37,2458457,26873,275908,1644,88,315,37,0,15,-1
743,2022-03-08,64662540,61641,,,2891763,15475,4948,43,2485431,26974,263510,1602,-42,290,27,-10,13,-2
744,2022-03-09,64733144,70604,,,2908721,16958,5008,60,2513537,28106,251336,1603,1,284,29,2,11,-2
745,2022-03-10,64794114,60970,,,2923030,14309,5049,41,2540414,26877,237921,1567,-36,244,26,-3,8,-3
746,2022-03-11,64859398,65284,,,2936856,13826,5076,27,2564554,24140,226790,1541,-26,253,28,2,8,0
747,2022-03-12,64896897,37499,,,2943947,7091,5128,52,2585357,20803,212653,1395,-146,200,28,0,8,0
748,2022-03-13,64926488,29591,,,2950605,6658,5175,47,2602832,17475,201443,1464,69,190,25,-3,7,-1
749,2022-03-14,64957885,31397,,,2958497,7892,5196,21,2618659,15827,193129,1567,103,292,26,1,9,2
750,2022-03-15,65001693,43808,,,2968444,9947,5232,36,2634800,16141,186372,1531,-36,250,26,0,7,-2
751,2022-03-16,65047470,45777,,,2978029,9585,5257,25,2652327,17527,177906,1503,-28,227,26,0,9,2
752,2022-03-17,65086977,39507,,,2986355,8326,5300,43,2670354,18027,167707,1453,-50,222,29,3,7,-2
753,2022-03-18,65124634,37657,,,2993571,7216,5338,38,2687108,16754,157724,1414,-39,190,27,-2,9,2
754,2022-03-19,65157957,33323,,,2999923,6352,5375,37,2702756,15648,148051,1296,-118,169,27,0,10,1
755,2022-03-20,65180004,22047,,,3004907,4984,5402,27,2716769,14013,138746,1327,31,151,23,-4,10,0
756,2022-03-21,65201974,21970,,,3010128,5221,5430,28,2728563,11794,131892,1408,81,218,24,1,10,0
757,2022-03-22,65237243,35269,,,3017529,7401,5460,30,2740614,12051,126803,1357,-51,199,27,3,10,0
758,2022-03-23,65250794,13551,,,3023820,6291,5486,26,2754832,14218,118513,1297,-60,238,24,-3,9,-1
759,2022-03-24,65277613,26819,,,3029228,5408,5518,32,2769859,15027,108560,1324,27,159,20,-4,7,-2
760,2022-03-25,65308575,30962,,,3034882,5654,5542,24,2783868,14009,99878,1283,-41,164,19,-1,6,-1
761,2022-03-26,65333762,25187,,,3039204,4322,5583,41,2795441,11573,92374,1159,-124,111,25,6,5,-1
762,2022-03-27,65350732,16970,,,3042563,3359,5585,2,2803637,8196,87371,1182,23,118,25,0,6,1
763,2022-03-28,65367780,17048,,,3045935,3372,5585,0,2810356,6719,83861,1213,31,181,26,1,7,1
764,2022-03-29,65386615,18835,,,3050431,4496,5585,0,2818056,7700,80411,1220,7,160,22,-4,9,2
765,2022-03-30,65405450,18835,,,3054842,4411,5668,83,2826921,8865,75626,1189,-31,154,22,0,8,-1
766,2022-03-31,65424283,18833,,,3058773,3931,5698,30,2835787,8866,70432,1162,-27,142,24,2,7,-1
767,2022-04-01,65443121,18838,,,3061773,3000,5723,25,2843696,7909,65360,1099,-63,139,22,-2,9,2
768,2022-04-02,65462619,19498,,,3064625,2852,5745,22,2850571,6875,61157,1003,-96,98,21,-1,7,-2
769,2022-04-03,65475127,12508,,,3066705,2080,5762,17,2856463,5892,57203,1021,18,107,19,-2,7,0
770,2022-04-04,65488589,13462,,,3068971,2266,5777,15,2861576,5113,54223,1064,43,155,18,-1,7,0
771,2022-04-05,65510073,21484,,,3072334,3363,5798,21,2866992,5416,51956,1062,-2,139,19,1,6,-1
772,2022-04-06,65530985,20912,,,3075548,3214,5813,15,2873219,6227,48714,1026,-36,138,16,-3,5,-1
773,2022-04-07,65549823,18838,,,3078295,2747,5837,24,2879221,6002,45286,989,-37,115,18,2,9,4
774,2022-04-08,65569051,19228,,,3080975,2680,5861,24,2884600,5379,42386,961,-28,114,16,-2,8,-1
775,2022-04-09,65587029,17978,,,3083432,2457,5885,24,2889580,4980,39698,851,-110,97,18,2,6,-2
776,2022-04-10,65598604,11575,,,3085154,1722,5908,23,2893772,4192,37109,876,25,90,18,0,8,2
777,2022-04-11,65609669,11065,,,3086959,1805,5921,13,2897199,3427,35367,923,47,119,22,4,8,0
778,2022-04-12,65627342,17673,,,3089642,2683,5932,11,2900665,3466,34401,886,-37,105,17,-5,7,-1
779,2022-04-13,65642693,15351,,,3091899,2257,5945,13,2904633,3968,32538,845,-41,116,17,0,7,0
780,2022-04-14,65657555,14862,,,3094158,2259,5961,16,2908703,4070,30569,786,-59,84,15,-2,7,0
781,2022-04-15,65665779,8224,,,3095605,1447,5974,13,2912310,3607,28308,785,-1,86,16,1,6,-1
782,2022-04-16,65673582,7803,,,3097015,1410,5985,11,2915340,3030,26585,783,-2,81,16,0,5,-1
783,2022-04-17,65682291,8709,,,3098622,1607,5997,12,2917891,2551,25519,787,4,90,14,-2,6,1
784,2022-04-18,65691584,9293,,,3100044,1422,5997,0,2920079,2188,24753,787,0,87,14,0,6,0
785,2022-04-19,65700876,9292,,,3101637,1593,6019,22,2922434,2355,23798,843,56,101,16,2,5,-1
786,2022-04-20,65716921,16045,,,3103988,2351,6030,11,2925306,2872,23092,820,-23,102,17,1,6,1
787,2022-04-21,65731212,14291,,,3106030,2042,6047,17,2928248,2942,22011,771,-49,90,17,0,3,-3
788,2022-04-22,65743873,12661,,,3107664,1634,6060,13,2930923,2675,20843,761,-10,85,15,-2,2,-1
789,2022-04-23,65755743,11870,,,3109014,1350,6072,12,2933403,2480,19565,700,-61,54,15,0,1,-1
790,2022-04-24,65763727,7984,,,3110019,1005,6084,12,2935593,2190,18295,713,13,71,15,0,1,0
791,2022-04-25,65771836,8109,,,3111002,983,6105,21,2937410,1817,17367,747,34,88,15,0,2,1
792,2022-04-26,65784500,12664,,,3112486,1484,6116,11,2939293,1883,16829,733,-14,86,13,-2,4,2
793,2022-04-27,65796876,12376,,,3113693,1207,6125,9,2941503,2210,15709,717,-16,62,13,0,2,-2
794,2022-04-28,65807182,10306,,,3114781,1088,6135,10,2943719,2216,14483,685,-32,65,10,-3,1,-1
795,2022-04-29,65816775,9593,,,3115721,940,6149,14,2945647,1928,13408,646,-39,63,10,0,1,0
796,2022-04-30,65826824,10049,,,3116655,934,6158,9,2947185,1538,12704,583,-63,48,12,2,2,1
797,2022-05-01,65833268,6444,,,3117326,671,6170,12,2948558,1373,11943,601,18,47,9,-3,2,0
798,2022-05-02,65840340,7072,,,3118106,780,6183,13,2949992,1434,11213,632,31,58,8,-1,1,-1
799,2022-05-03,65850880,10540,,,3119099,993,6191,8,2951433,1441,10677,586,-46,62,5,-3,2,1
800,2022-05-04,65860407,9527,,,3120061,962,6207,16,2953044,1611,9943,568,-18,58,4,-1,1,-1
801,2022-05-05,65868511,8104,,,3120933,872,6218,11,2954958,1914,8826,539,-29,49,5,1,1,0
802,2022-05-06,65876380,7869,,,3121820,887,6226,8,2956821,1863,7762,491,-48,60,5,0,1,0
803,2022-05-07,65885881,9501,,,3122739,919,6234,8,2958354,1533,7067,459,-32,36,6,1,2,1
804,2022-05-08,65891566,5685,,,3123314,575,6238,4,2959574,1220,6374,466,7,47,8,2,2,0
805,2022-05-09,65897024,5458,,,3123896,582,6244,6,2960571,997,5914,512,46,52,10,2,4,2
806,2022-05-10,65906569,9545,,,3124899,1003,6252,8,2961598,1027,5801,500,-12,50,13,3,4,0
807,2022-05-11,65915310,8741,,,3125749,850,6260,8,2962778,1180,5379,483,-17,36,10,-3,3,-1
808,2022-05-12,65923224,7914,,,3126491,742,6271,11,2963917,1139,4920,463,-20,42,12,2,2,-1
809,2022-05-13,65931124,7900,,,3127256,765,6278,7,2964909,992,4633,428,-35,38,12,0,3,1
810,2022-05-14,65935838,4714,,,3127683,427,6285,7,2965803,894,4127,402,-26,25,11,-1,3,0
811,2022-05-15,65940873,5035,,,3128171,488,6287,2,2966597,794,3783,417,15,38,13,2,6,3
812,2022-05-16,65946102,5229,,,3128741,570,6293,6,2967299,702,3617,448,31,50,13,0,4,-2
813,2022-05-17,65954542,8440,,,3129544,803,6296,3,2968042,743,3606,425,-23,35,13,0,3,-1
814,2022-05-18,65961808,7266,,,3130288,744,6304,8,2968901,859,3425,433,8,33,11,-2,3,0
815,2022-05-19,65968707,6899,,,3130952,664,6312,8,2969778,877,3148,383,-50,44,8,-3,3,0
816,2022-05-20,65974695,5988,,,3131462,510,6316,4,2970607,829,2781,371,-12,29,8,0,3,0
817,2022-05-21,65980683,5988,,,3131972,510,6320,4,2971424,817,2426,359,-12,34,9,1,3,0
818,2022-05-22,65986671,5988,,,3132482,510,6324,4,2972182,758,2130,347,-12,23,9,0,3,0
819,2022-05-23,65992659,5988,,,3132992,510,6329,5,2972795,613,1978,335,-12,43,10,1,3,0
820,2022-05-24,65998648,5989,,,3133507,515,6335,6,2973430,635,1806,319,-16,25,10,0,3,0
821,2022-05-25,66004725,6077,,,3134080,573,6339,4,2974218,788,1532,294,-25,38,11,1,3,0
822,2022-05-26,66010581,5856,,,3134604,524,6343,4,2975004,786,1225,269,-25,18,14,3,2,-1
823,2022-05-27,66013898,3317,,,3134910,306,6344,1,2975719,715,787,270,1,29,14,0,3,1
824,2022-05-28,66019025,5127,,,3135378,468,6350,6,2976347,628,595,248,-22,20,12,-2,3,0
825,2022-05-29,66022732,3707,,,3135781,403,6354,4,2976836,489,477,258,10,29,13,1,3,0
826,2022-05-30,66026439,3707,,,3136184,403,6358,4,2977296,460,388,268,10,30,13,0,3,0
827,2022-05-31,66033072,6633,,,3136896,712,6363,5,2977864,568,478,259,-9,26,13,0,4,1
828,2022-06-01,66039509,6437,,,3137542,646,6368,5,2978539,675,377,241,-18,29,15,2,2,-2
829,2022-06-02,66044668,5159,,,3138133,591,6372,4,2979218,679,225,245,4,30,14,-1,2,0
830,2022-06-03,66050257,5589,,,3138678,545,6375,3,2979810,592,123,234,-11,35,10,-4,1,-1
831,2022-06-04,66054028,3771,,,3139174,496,6378,3,2980312,502,65,234,0,18,10,0,1,0
832,2022-06-05,66057799,3771,,,3139670,496,6381,3,2980778,466,43,234,0,39,10,0,1,0
833,2022-06-06,66061570,3771,,,3140166,496,6384,3,2981244,466,21,234,0,27,10,0,1,0
834,2022-06-07,66065341,3771,,,3140665,499,6388,4,2981711,467,0,228,-6,34,9,-1,1,0
835,2022-06-08,66071911,6570,,,3141571,906,6392,4,2982192,481,307,222,-6,29,8,-1,3,2
836,2022-06-09,66077983,6072,,,3142483,912,6395,3,2982689,497,622,220,-2,31,8,0,5,2
837,2022-06-10,66083459,5476,,,3143316,833,6399,4,2983130,441,899,199,-21,37,9,1,4,-1
838,2022-06-11,66088935,5476,,,3144149,833,6403,4,2983500,370,1247,199,0,34,9,0,4,0
839,2022-06-12,66094411,5476,,,3144982,833,6407,4,2983884,384,1581,199,0,34,9,0,4,0
840,2022-06-13,66099890,5479,,,3145819,837,6414,7,2984276,392,1907,222,23,57,9,0,2,-2
841,2022-06-14,66107159,7269,,,3146978,1159,6417,3,2984723,447,2472,228,6,47,9,0,2,0
842,2022-06-15,66114518,7359,,,3148183,1205,6419,2,2985293,570,2956,219,-9,32,8,-1,3,1
843,2022-06-16,66122010,7492,,,3149405,1222,6421,2,2985881,588,3416,229,10,48,6,-2,3,0
844,2022-06-17,66128821,6811,,,3150599,1194,6421,0,2986415,534,3877,226,-3,45,7,1,4,1
845,2022-06-18,66134608,5787,,,3151676,1077,6423,2,2986906,491,4324,232,6,50,6,-1,4,0
846,2022-06-19,66140395,5787,,,3152753,1077,6425,2,2987365,459,4803,238,6,42,5,-1,4,0
847,2022-06-20,66146183,5788,,,3153831,1078,6429,4,2987812,447,5292,245,7,50,4,-1,2,-2
848,2022-06-21,66156611,10428,,,3155972,2141,6432,3,2988260,448,6662,241,-4,73,6,2,4,2
849,2022-06-22,66165642,9031,,,3157930,1958,6434,2,2988795,535,7794,249,8,77,6,0,2,-2
850,2022-06-23,66174227,8585,,,3159696,1766,6436,2,2989507,712,8550,265,16,65,8,2,4,2
851,2022-06-24,66180906,6679,,,3160880,1184,6439,3,2990293,786,8762,272,7,77,9,1,4,0
852,2022-06-25,66187585,6679,,,3162065,1185,6442,3,2991038,745,9015,279,7,55,10,1,4,0
853,2022-06-26,66194264,6679,,,3163250,1185,6445,3,2991760,722,9291,286,7,74,11,1,4,0
854,2022-06-27,66200944,6680,,,3164435,1185,6448,3,2992483,723,9566,293,7,88,12,1,6,2
855,2022-06-28,66213008,12064,,,3167267,2832,6454,6,2993280,797,11170,307,14,81,12,0,6,0
856,2022-06-29,66223838,10830,,,3169600,2333,6463,9,2994233,953,12109,307,0,78,12,0,5,-1
857,2022-06-30,66234081,10243,,,3171766,2166,6469,6,2995277,1044,12848,307,0,66,12,0,5,0
858,2022-07-01,66243855,9774,,,3173556,1790,6471,2,2996315,1038,13263,290,-17,73,12,0,5,0
859,2022-07-02,66250921,7066,,,3174867,1311,6476,5,2997310,995,13334,304,14,57,12,0,5,0
860,2022-07-03,66257987,7066,,,3176178,1311,6481,5,2998264,954,13446,318,14,67,12,0,5,0
861,2022-07-04,66265055,7068,,,3177491,1313,6487,6,2999204,940,13573,333,15,81,12,0,6,1
862,2022-07-05,66277920,12865,,,3180392,2901,6494,7,3000364,1160,14687,325,-8,76,9,-3,5,-1
863,2022-07-06,66289138,11218,,,3183166,2774,6499,5,3001927,1563,15235,313,-12,87,10,1,5,0
864,2022-07-07,66299058,9920,,,3185838,2672,6505,6,3003584,1657,15566,337,24,90,12,2,4,-1
865,2022-07-08,66310545,11487,,,3188252,2414,6510,5,3004987,1403,15983,325,-12,107,15,3,6,2
866,2022-07-09,66319034,8489,,,3190113,1861,6516,6,3006105,1118,16358,344,19,75,15,0,6,0
867,2022-07-10,66327523,8489,,,3191974,1861,6522,6,3007106,1001,16850,363,19,93,15,0,6,0
868,2022-07-11,66336013,8490,,,3193837,1863,6529,7,3008107,1001,17343,382,19,117,14,-1,7,1
869,2022-07-12,66348639,12626,,,3196794,2957,6530,1,3009460,1353,18362,388,6,112,17,3,5,-2
870,2022-07-13,66359853,11214,,,3199299,2505,6530,0,3011389,1929,18413,384,-4,133,16,-1,5,0
871,2022-07-14,66370694,10841,,,3201797,2498,6543,13,3013389,2000,18360,423,39,108,19,3,6,1
872,2022-07-15,66380701,10007,,,3203739,1942,6551,8,3015123,1734,18185,433,10,102,18,-1,6,0
873,2022-07-16,66389519,8818,,,3205594,1855,6555,4,3016566,1443,18175,447,14,89,17,-1,5,-1
874,2022-07-17,66398337,8818,,,3207449,1855,6559,4,3017733,1167,18441,461,14,110,16,-1,4,-1
875,2022-07-18,66407155,8818,,,3209307,1858,6563,4,3018805,1072,18803,475,14,151,13,-3,3,-1
876,2022-07-19,66419960,12805,,,3212192,2885,6567,4,3020180,1375,19730,509,34,121,14,1,3,0
877,2022-07-20,66430258,10298,,,3214417,2225,6571,4,3022118,1938,19518,518,9,132,12,-2,3,0
878,2022-07-21,66439828,9570,,,3216533,2116,6581,10,3024245,2127,19064,523,5,106,10,-2,4,1
879,2022-07-22,66449012,9184,,,3218418,1885,6591,10,3026227,1982,18525,503,-20,111,13,3,3,-1
880,2022-07-23,66457338,8326,,,3220040,1622,6597,6,3028013,1786,17986,513,10,76,14,1,3,0
881,2022-07-24,66465664,8326,,,3221662,1622,6603,6,3029594,1581,17652,523,10,77,15,1,3,0
882,2022-07-25,66473990,8326,,,3223284,1622,6609,6,3031094,1500,17399,533,10,100,16,1,3,0
883,2022-07-26,66482317,8327,,,3224908,1624,6618,9,3032813,1719,16925,546,13,82,17,1,6,3
884,2022-07-27,66491365,9048,,,3226717,1809,6623,5,3034870,2057,16249,512,-34,81,17,0,4,-2
885,2022-07-28,66499902,8537,,,3228291,1574,6628,5,3036943,2073,15376,482,-30,84,17,0,7,3
886,2022-07-29,66507778,7876,,,3229666,1375,6639,11,3038810,1867,14535,472,-10,93,17,0,7,0
887,2022-07-30,66514192,6414,,,3230985,1319,6649,10,3040443,1633,13894,477,5,76,17,0,7,0
888,2022-07-31,66520606,6414,,,3232304,1319,6659,10,3041913,1470,13416,482,5,81,17,0,7,0
889,2022-08-01,66527022,6416,,,3233623,1319,6671,12,3043350,1437,12969,487,5,91,17,0,5,-2
890,2022-08-02,66535977,8955,,,3235576,1953,6682,11,3045005,1655,12781,464,-23,74,17,0,7,2
891,2022-08-03,66543961,7984,,,3237406,1830,6687,5,3046950,1945,12219,443,-21,84,20,3,7,0
892,2022-08-04,66551936,7975,,,3239092,1686,6700,13,3048812,1862,11626,436,-7,84,20,0,7,0
893,2022-08-05,66558877,6941,,,3240454,1362,6714,14,3050449,1637,10992,424,-12,84,18,-2,6,-1
894,2022-08-06,66564419,5542,,,3241624,1170,6726,12,3051910,1461,10396,427,3,56,17,-1,6,0
895,2022-08-07,66569961,5542,,,3242794,1170,6738,12,3053213,1303,9958,430,3,68,16,-1,6,0
896,2022-08-08,66575505,5544,,,3243965,1171,6751,13,3054466,1253,9569,435,5,69,13,-3,6,0
897,2022-08-09,66583776,8271,,,3245898,1933,6758,7,3055719,1253,9773,427,-8,80,14,1,6,0
898,2022-08-10,66592072,8296,,,3248038,2140,6774,16,3057006,1287,9995,414,-13,86,16,2,6,0
899,2022-08-11,66600435,8363,,,3250209,2171,6780,6,3058314,1308,10225,421,7,77,16,0,6,0
900,2022-08-12,66608141,7706,,,3252087,1878,6792,12,3059522,1208,10328,412,-9,77,16,0,6,0
901,2022-08-13,66614164,6023,,,3253433,1346,6800,8,3060592,1070,10227,420,8,89,16,0,6,0
902,2022-08-14,66620187,6023,,,3254779,1346,6808,8,3061603,1011,10185,428,8,79,16,0,6,0
903,2022-08-15,66626212,6025,,,3256128,1349,6816,8,3062605,1002,10154,438,10,99,18,2,8,2
904,2022-08-16,66635918,9706,,,3258028,1900,6826,10,3063726,1121,10379,432,-6,97,18,0,6,-2
905,2022-08-17,66645021,9103,,,3259684,1656,6833,7,3065063,1337,10210,430,-2,79,17,-1,5,-1
906,2022-08-18,66653546,8525,,,3261142,1458,6836,3,3066447,1384,9824,421,-9,75,13,-4,5,0
907,2022-08-19,66661860,8314,,,3262219,1077,6846,10,3067689,1242,9356,408,-13,59,12,-1,5,0
908,2022-08-20,66667740,5880,,,3263146,927,6852,6,3068737,1048,8995,407,-1,46,12,0,5,0
909,2022-08-21,66673620,5880,,,3264073,927,6858,6,3069649,912,8770,406,-1,42,12,0,5,0
910,2022-08-22,66679500,5880,,,3265002,929,6865,7,3070526,877,8579,404,-2,46,13,1,5,0
911,2022-08-23,66687656,8156,,,3266169,1167,6871,6,3071550,1024,8387,383,-21,36,12,-1,5,0
912,2022-08-24,66695684,8028,,,3267278,1109,6884,13,3072883,1333,7843,370,-13,59,18,6,6,1
