day,year,week,variant,ireg,region,positive,genomes,cases
237,2020,42,20e-eu1,1,nordjylland,3,138,329
237,2020,42,20e-eu1,2,midtjylland,67,208,677
237,2020,42,20e-eu1,3,syddanmark,14,149,548
237,2020,42,20e-eu1,4,copenhagen,121,449,1307
237,2020,42,20e-eu1,5,sjaelland,29,93,280
237,2020,42,20e-eu1,6,whole_denmark,228,1037,3199
237,2020,42,b117,1,nordjylland,0,138,329
237,2020,42,b117,2,midtjylland,0,208,677
237,2020,42,b117,3,syddanmark,0,149,548
237,2020,42,b117,4,copenhagen,0,449,1307
237,2020,42,b117,5,sjaelland,0,93,280
237,2020,42,b117,6,whole_denmark,0,1037,3199
237,2020,42,b1351,1,nordjylland,0,138,329
237,2020,42,b1351,2,midtjylland,0,208,677
237,2020,42,b1351,3,syddanmark,0,149,548
237,2020,42,b1351,4,copenhagen,0,449,1307
237,2020,42,b1351,5,sjaelland,0,93,280
237,2020,42,b1351,6,whole_denmark,0,1037,3199
237,2020,42,d614g,1,nordjylland,138,138,329
237,2020,42,d614g,2,midtjylland,208,208,677
237,2020,42,d614g,3,syddanmark,148,149,548
237,2020,42,d614g,4,copenhagen,448,449,1307
237,2020,42,d614g,5,sjaelland,93,93,280
237,2020,42,d614g,6,whole_denmark,1035,1037,3199
237,2020,42,e484k,1,nordjylland,0,138,329
237,2020,42,e484k,2,midtjylland,0,208,677
237,2020,42,e484k,3,syddanmark,0,149,548
237,2020,42,e484k,4,copenhagen,0,449,1307
237,2020,42,e484k,5,sjaelland,0,93,280
237,2020,42,e484k,6,whole_denmark,0,1037,3199
237,2020,42,n439k,1,nordjylland,19,138,329
237,2020,42,n439k,2,midtjylland,22,208,677
237,2020,42,n439k,3,syddanmark,18,149,548
237,2020,42,n439k,4,copenhagen,79,449,1307
237,2020,42,n439k,5,sjaelland,39,93,280
237,2020,42,n439k,6,whole_denmark,177,1037,3199
237,2020,42,n501y,1,nordjylland,0,138,329
237,2020,42,n501y,2,midtjylland,0,208,677
237,2020,42,n501y,3,syddanmark,0,149,548
237,2020,42,n501y,4,copenhagen,0,449,1307
237,2020,42,n501y,5,sjaelland,0,93,280
237,2020,42,n501y,6,whole_denmark,0,1037,3199
237,2020,42,p1,1,nordjylland,0,138,329
237,2020,42,p1,2,midtjylland,0,208,677
237,2020,42,p1,3,syddanmark,0,149,548
237,2020,42,p1,4,copenhagen,0,449,1307
237,2020,42,p1,5,sjaelland,0,93,280
237,2020,42,p1,6,whole_denmark,0,1037,3199
237,2020,42,y453f,1,nordjylland,72,138,329
237,2020,42,y453f,2,midtjylland,6,208,677
237,2020,42,y453f,3,syddanmark,0,149,548
237,2020,42,y453f,4,copenhagen,1,449,1307
237,2020,42,y453f,5,sjaelland,0,93,280
237,2020,42,y453f,6,whole_denmark,79,1037,3199
244,2020,43,20e-eu1,0,other,0,2,
244,2020,43,20e-eu1,1,nordjylland,8,39,679
244,2020,43,20e-eu1,2,midtjylland,18,54,1186
244,2020,43,20e-eu1,3,syddanmark,6,44,826
244,2020,43,20e-eu1,4,copenhagen,50,178,2539
244,2020,43,20e-eu1,5,sjaelland,10,40,536
244,2020,43,20e-eu1,6,whole_denmark,92,357,5844
244,2020,43,b117,0,other,0,2,
244,2020,43,b117,1,nordjylland,0,39,679
244,2020,43,b117,2,midtjylland,0,54,1186
244,2020,43,b117,3,syddanmark,0,44,826
244,2020,43,b117,4,copenhagen,0,178,2539
244,2020,43,b117,5,sjaelland,0,40,536
244,2020,43,b117,6,whole_denmark,0,357,5844
244,2020,43,b1351,0,other,0,2,
244,2020,43,b1351,1,nordjylland,0,39,679
244,2020,43,b1351,2,midtjylland,0,54,1186
244,2020,43,b1351,3,syddanmark,0,44,826
244,2020,43,b1351,4,copenhagen,0,178,2539
244,2020,43,b1351,5,sjaelland,0,40,536
244,2020,43,b1351,6,whole_denmark,0,357,5844
244,2020,43,d614g,1,nordjylland,39,39,679
244,2020,43,d614g,2,midtjylland,54,54,1186
244,2020,43,d614g,3,syddanmark,44,44,826
244,2020,43,d614g,4,copenhagen,178,178,2539
244,2020,43,d614g,5,sjaelland,40,40,536
244,2020,43,d614g,6,whole_denmark,355,355,5844
244,2020,43,e484k,0,other,0,2,
244,2020,43,e484k,1,nordjylland,0,39,679
244,2020,43,e484k,2,midtjylland,0,54,1186
244,2020,43,e484k,3,syddanmark,0,44,826
244,2020,43,e484k,4,copenhagen,0,178,2539
244,2020,43,e484k,5,sjaelland,0,40,536
244,2020,43,e484k,6,whole_denmark,0,357,5844
244,2020,43,n439k,0,other,0,2,
244,2020,43,n439k,1,nordjylland,2,39,679
244,2020,43,n439k,2,midtjylland,8,54,1186
244,2020,43,n439k,3,syddanmark,4,44,826
244,2020,43,n439k,4,copenhagen,35,178,2539
244,2020,43,n439k,5,sjaelland,6,40,536
244,2020,43,n439k,6,whole_denmark,55,357,5844
244,2020,43,n501y,0,other,0,2,
244,2020,43,n501y,1,nordjylland,0,39,679
244,2020,43,n501y,2,midtjylland,0,54,1186
244,2020,43,n501y,3,syddanmark,0,44,826
244,2020,43,n501y,4,copenhagen,0,178,2539
244,2020,43,n501y,5,sjaelland,0,40,536
244,2020,43,n501y,6,whole_denmark,0,357,5844
244,2020,43,p1,0,other,0,2,
244,2020,43,p1,1,nordjylland,0,39,679
244,2020,43,p1,2,midtjylland,0,54,1186
244,2020,43,p1,3,syddanmark,0,44,826
244,2020,43,p1,4,copenhagen,0,178,2539
244,2020,43,p1,5,sjaelland,0,40,536
244,2020,43,p1,6,whole_denmark,0,357,5844
244,2020,43,p2,0,other,0,2,
244,2020,43,p2,1,nordjylland,0,39,679
244,2020,43,p2,2,midtjylland,0,54,1186
244,2020,43,p2,3,syddanmark,0,44,826
244,2020,43,p2,4,copenhagen,0,178,2539
244,2020,43,p2,5,sjaelland,0,40,536
244,2020,43,p2,6,whole_denmark,0,357,5844
244,2020,43,y453f,0,other,0,2,
244,2020,43,y453f,1,nordjylland,16,39,679
244,2020,43,y453f,2,midtjylland,3,54,1186
244,2020,43,y453f,3,syddanmark,1,44,826
244,2020,43,y453f,4,copenhagen,0,178,2539
244,2020,43,y453f,5,sjaelland,3,40,536
244,2020,43,y453f,6,whole_denmark,23,357,5844
251,2020,44,20e-eu1,0,other,1,7,
251,2020,44,20e-eu1,1,nordjylland,76,154,819
251,2020,44,20e-eu1,2,midtjylland,62,178,1294
251,2020,44,20e-eu1,3,syddanmark,41,173,1024
251,2020,44,20e-eu1,4,copenhagen,161,564,3456
251,2020,44,20e-eu1,5,sjaelland,51,132,830
251,2020,44,20e-eu1,6,whole_denmark,392,1208,7502
251,2020,44,b117,0,other,0,7,
251,2020,44,b117,1,nordjylland,0,154,819
251,2020,44,b117,2,midtjylland,0,178,1294
251,2020,44,b117,3,syddanmark,0,173,1024
251,2020,44,b117,4,copenhagen,0,564,3456
251,2020,44,b117,5,sjaelland,0,132,830
251,2020,44,b117,6,whole_denmark,0,1208,7502
251,2020,44,b1351,0,other,0,7,
251,2020,44,b1351,1,nordjylland,0,154,819
251,2020,44,b1351,2,midtjylland,0,178,1294
251,2020,44,b1351,3,syddanmark,0,173,1024
251,2020,44,b1351,4,copenhagen,0,564,3456
251,2020,44,b1351,5,sjaelland,0,132,830
251,2020,44,b1351,6,whole_denmark,0,1208,7502
251,2020,44,b1525,0,other,0,7,
251,2020,44,b1525,1,nordjylland,0,154,819
251,2020,44,b1525,2,midtjylland,0,178,1294
251,2020,44,b1525,3,syddanmark,0,173,1024
251,2020,44,b1525,4,copenhagen,0,564,3456
251,2020,44,b1525,5,sjaelland,0,132,830
251,2020,44,b1525,6,whole_denmark,0,1208,7502
251,2020,44,d614g,1,nordjylland,176,177,819
251,2020,44,d614g,2,midtjylland,181,181,1294
251,2020,44,d614g,3,syddanmark,174,174,1024
251,2020,44,d614g,4,copenhagen,564,564,3456
251,2020,44,d614g,5,sjaelland,131,132,830
251,2020,44,d614g,6,whole_denmark,1226,1228,7502
251,2020,44,e484k,0,other,0,7,
251,2020,44,e484k,1,nordjylland,0,154,819
251,2020,44,e484k,2,midtjylland,0,178,1294
251,2020,44,e484k,3,syddanmark,0,173,1024
251,2020,44,e484k,4,copenhagen,0,564,3456
251,2020,44,e484k,5,sjaelland,0,132,830
251,2020,44,e484k,6,whole_denmark,0,1208,7502
251,2020,44,n439k,0,other,0,7,
251,2020,44,n439k,1,nordjylland,12,154,819
251,2020,44,n439k,2,midtjylland,24,178,1294
251,2020,44,n439k,3,syddanmark,17,173,1024
251,2020,44,n439k,4,copenhagen,147,564,3456
251,2020,44,n439k,5,sjaelland,22,132,830
251,2020,44,n439k,6,whole_denmark,222,1208,7502
251,2020,44,n501y,0,other,0,7,
251,2020,44,n501y,1,nordjylland,0,154,819
251,2020,44,n501y,2,midtjylland,0,178,1294
251,2020,44,n501y,3,syddanmark,0,173,1024
251,2020,44,n501y,4,copenhagen,1,564,3456
251,2020,44,n501y,5,sjaelland,0,132,830
251,2020,44,n501y,6,whole_denmark,1,1208,7502
251,2020,44,p1,0,other,0,7,
251,2020,44,p1,1,nordjylland,0,154,819
251,2020,44,p1,2,midtjylland,0,178,1294
251,2020,44,p1,3,syddanmark,0,173,1024
251,2020,44,p1,4,copenhagen,0,564,3456
251,2020,44,p1,5,sjaelland,0,132,830
251,2020,44,p1,6,whole_denmark,0,1208,7502
251,2020,44,p2,0,other,0,7,
251,2020,44,p2,1,nordjylland,0,154,819
251,2020,44,p2,2,midtjylland,0,178,1294
251,2020,44,p2,3,syddanmark,0,173,1024
251,2020,44,p2,4,copenhagen,0,564,3456
251,2020,44,p2,5,sjaelland,0,132,830
251,2020,44,p2,6,whole_denmark,0,1208,7502
251,2020,44,y453f,0,other,0,7,
251,2020,44,y453f,1,nordjylland,32,154,819
251,2020,44,y453f,2,midtjylland,21,178,1294
251,2020,44,y453f,3,syddanmark,3,173,1024
251,2020,44,y453f,4,copenhagen,7,564,3456
251,2020,44,y453f,5,sjaelland,4,132,830
251,2020,44,y453f,6,whole_denmark,67,1208,7502
258,2020,45,20e-eu1,0,other,1,16,
258,2020,45,20e-eu1,1,nordjylland,74,178,588
258,2020,45,20e-eu1,2,midtjylland,71,232,1322
258,2020,45,20e-eu1,3,syddanmark,48,179,988
258,2020,45,20e-eu1,4,copenhagen,215,657,3414
258,2020,45,20e-eu1,5,sjaelland,75,177,984
258,2020,45,20e-eu1,6,whole_denmark,484,1439,7374
258,2020,45,b117,0,other,0,16,
258,2020,45,b117,1,nordjylland,0,178,588
258,2020,45,b117,2,midtjylland,0,232,1322
258,2020,45,b117,3,syddanmark,0,179,988
258,2020,45,b117,4,copenhagen,0,657,3414
258,2020,45,b117,5,sjaelland,0,177,984
258,2020,45,b117,6,whole_denmark,0,1439,7374
258,2020,45,b1351,0,other,0,16,
258,2020,45,b1351,1,nordjylland,0,178,588
258,2020,45,b1351,2,midtjylland,0,232,1322
258,2020,45,b1351,3,syddanmark,0,179,988
258,2020,45,b1351,4,copenhagen,0,657,3414
258,2020,45,b1351,5,sjaelland,0,177,984
258,2020,45,b1351,6,whole_denmark,0,1439,7374
258,2020,45,b1525,0,other,0,16,
258,2020,45,b1525,1,nordjylland,0,178,588
258,2020,45,b1525,2,midtjylland,0,232,1322
258,2020,45,b1525,3,syddanmark,0,179,988
258,2020,45,b1525,4,copenhagen,0,657,3414
258,2020,45,b1525,5,sjaelland,0,177,984
258,2020,45,b1525,6,whole_denmark,0,1439,7374
258,2020,45,d614g,1,nordjylland,216,216,588
258,2020,45,d614g,2,midtjylland,263,263,1322
258,2020,45,d614g,3,syddanmark,182,182,988
258,2020,45,d614g,4,copenhagen,659,660,3414
258,2020,45,d614g,5,sjaelland,187,187,984
258,2020,45,d614g,6,whole_denmark,1507,1508,7374
258,2020,45,e484k,0,other,0,16,
258,2020,45,e484k,1,nordjylland,0,178,588
258,2020,45,e484k,2,midtjylland,0,232,1322
258,2020,45,e484k,3,syddanmark,0,179,988
258,2020,45,e484k,4,copenhagen,0,657,3414
258,2020,45,e484k,5,sjaelland,0,177,984
258,2020,45,e484k,6,whole_denmark,0,1439,7374
258,2020,45,n439k,0,other,0,16,
258,2020,45,n439k,1,nordjylland,20,178,588
258,2020,45,n439k,2,midtjylland,23,232,1322
258,2020,45,n439k,3,syddanmark,14,179,988
258,2020,45,n439k,4,copenhagen,136,657,3414
258,2020,45,n439k,5,sjaelland,27,177,984
258,2020,45,n439k,6,whole_denmark,220,1439,7374
258,2020,45,n501y,0,other,0,16,
258,2020,45,n501y,1,nordjylland,0,178,588
258,2020,45,n501y,2,midtjylland,0,232,1322
258,2020,45,n501y,3,syddanmark,0,179,988
258,2020,45,n501y,4,copenhagen,0,657,3414
258,2020,45,n501y,5,sjaelland,0,177,984
258,2020,45,n501y,6,whole_denmark,0,1439,7374
258,2020,45,p1,0,other,0,16,
258,2020,45,p1,1,nordjylland,0,178,588
258,2020,45,p1,2,midtjylland,0,232,1322
258,2020,45,p1,3,syddanmark,0,179,988
258,2020,45,p1,4,copenhagen,0,657,3414
258,2020,45,p1,5,sjaelland,0,177,984
258,2020,45,p1,6,whole_denmark,0,1439,7374
258,2020,45,p2,0,other,0,16,
258,2020,45,p2,1,nordjylland,0,178,588
258,2020,45,p2,2,midtjylland,0,232,1322
258,2020,45,p2,3,syddanmark,0,179,988
258,2020,45,p2,4,copenhagen,0,657,3414
258,2020,45,p2,5,sjaelland,0,177,984
258,2020,45,p2,6,whole_denmark,0,1439,7374
258,2020,45,y453f,0,other,6,16,
258,2020,45,y453f,1,nordjylland,39,178,588
258,2020,45,y453f,2,midtjylland,30,232,1322
258,2020,45,y453f,3,syddanmark,3,179,988
258,2020,45,y453f,4,copenhagen,6,657,3414
258,2020,45,y453f,5,sjaelland,3,177,984
258,2020,45,y453f,6,whole_denmark,87,1439,7374
265,2020,46,20e-eu1,0,other,4,19,
265,2020,46,20e-eu1,1,nordjylland,94,282,485
265,2020,46,20e-eu1,2,midtjylland,52,260,1600
265,2020,46,20e-eu1,3,syddanmark,35,150,1089
265,2020,46,20e-eu1,4,copenhagen,164,432,3327
265,2020,46,20e-eu1,5,sjaelland,77,127,899
265,2020,46,20e-eu1,6,whole_denmark,426,1270,7514
265,2020,46,b117,0,other,0,19,
265,2020,46,b117,1,nordjylland,0,282,485
265,2020,46,b117,2,midtjylland,0,260,1600
265,2020,46,b117,3,syddanmark,0,150,1089
265,2020,46,b117,4,copenhagen,4,432,3327
265,2020,46,b117,5,sjaelland,0,127,899
265,2020,46,b117,6,whole_denmark,4,1270,7514
265,2020,46,b1351,0,other,0,19,
265,2020,46,b1351,1,nordjylland,0,282,485
265,2020,46,b1351,2,midtjylland,0,260,1600
265,2020,46,b1351,3,syddanmark,0,150,1089
265,2020,46,b1351,4,copenhagen,0,432,3327
265,2020,46,b1351,5,sjaelland,0,127,899
265,2020,46,b1351,6,whole_denmark,0,1270,7514
265,2020,46,b1525,0,other,0,19,
265,2020,46,b1525,1,nordjylland,0,282,485
265,2020,46,b1525,2,midtjylland,0,260,1600
265,2020,46,b1525,3,syddanmark,0,150,1089
265,2020,46,b1525,4,copenhagen,0,432,3327
265,2020,46,b1525,5,sjaelland,0,127,899
265,2020,46,b1525,6,whole_denmark,0,1270,7514
265,2020,46,d614g,1,nordjylland,308,308,485
265,2020,46,d614g,2,midtjylland,301,302,1600
265,2020,46,d614g,3,syddanmark,166,166,1089
265,2020,46,d614g,4,copenhagen,429,429,3327
265,2020,46,d614g,5,sjaelland,135,136,899
265,2020,46,d614g,6,whole_denmark,1339,1341,7514
265,2020,46,e484k,0,other,0,19,
265,2020,46,e484k,1,nordjylland,0,282,485
265,2020,46,e484k,2,midtjylland,0,260,1600
265,2020,46,e484k,3,syddanmark,0,150,1089
265,2020,46,e484k,4,copenhagen,0,432,3327
265,2020,46,e484k,5,sjaelland,0,127,899
265,2020,46,e484k,6,whole_denmark,0,1270,7514
265,2020,46,n439k,0,other,2,19,
265,2020,46,n439k,1,nordjylland,38,282,485
265,2020,46,n439k,2,midtjylland,13,260,1600
265,2020,46,n439k,3,syddanmark,14,150,1089
265,2020,46,n439k,4,copenhagen,54,432,3327
265,2020,46,n439k,5,sjaelland,8,127,899
265,2020,46,n439k,6,whole_denmark,129,1270,7514
265,2020,46,n501y,0,other,0,19,
265,2020,46,n501y,1,nordjylland,0,282,485
265,2020,46,n501y,2,midtjylland,0,260,1600
265,2020,46,n501y,3,syddanmark,0,150,1089
265,2020,46,n501y,4,copenhagen,4,432,3327
265,2020,46,n501y,5,sjaelland,0,127,899
265,2020,46,n501y,6,whole_denmark,4,1270,7514
265,2020,46,p1,0,other,0,19,
265,2020,46,p1,1,nordjylland,0,282,485
265,2020,46,p1,2,midtjylland,0,260,1600
265,2020,46,p1,3,syddanmark,0,150,1089
265,2020,46,p1,4,copenhagen,0,432,3327
265,2020,46,p1,5,sjaelland,0,127,899
265,2020,46,p1,6,whole_denmark,0,1270,7514
265,2020,46,p2,0,other,0,19,
265,2020,46,p2,1,nordjylland,0,282,485
265,2020,46,p2,2,midtjylland,0,260,1600
265,2020,46,p2,3,syddanmark,0,150,1089
265,2020,46,p2,4,copenhagen,0,432,3327
265,2020,46,p2,5,sjaelland,0,127,899
265,2020,46,p2,6,whole_denmark,0,1270,7514
265,2020,46,y453f,0,other,5,19,
265,2020,46,y453f,1,nordjylland,80,282,485
265,2020,46,y453f,2,midtjylland,78,260,1600
265,2020,46,y453f,3,syddanmark,18,150,1089
265,2020,46,y453f,4,copenhagen,8,432,3327
265,2020,46,y453f,5,sjaelland,0,127,899
265,2020,46,y453f,6,whole_denmark,189,1270,7514
272,2020,47,20e-eu1,0,other,4,9,
272,2020,47,20e-eu1,1,nordjylland,67,246,357
272,2020,47,20e-eu1,2,midtjylland,90,330,1720
272,2020,47,20e-eu1,3,syddanmark,58,280,1454
272,2020,47,20e-eu1,4,copenhagen,291,640,3866
272,2020,47,20e-eu1,5,sjaelland,87,151,927
272,2020,47,20e-eu1,6,whole_denmark,597,1656,8427
272,2020,47,b117,0,other,0,9,
272,2020,47,b117,1,nordjylland,0,246,357
272,2020,47,b117,2,midtjylland,0,330,1720
272,2020,47,b117,3,syddanmark,0,280,1454
272,2020,47,b117,4,copenhagen,0,640,3866
272,2020,47,b117,5,sjaelland,0,151,927
272,2020,47,b117,6,whole_denmark,0,1656,8427
272,2020,47,b1351,0,other,0,9,
272,2020,47,b1351,1,nordjylland,0,246,357
272,2020,47,b1351,2,midtjylland,0,330,1720
272,2020,47,b1351,3,syddanmark,0,280,1454
272,2020,47,b1351,4,copenhagen,0,640,3866
272,2020,47,b1351,5,sjaelland,0,151,927
272,2020,47,b1351,6,whole_denmark,0,1656,8427
272,2020,47,b1525,0,other,0,9,
272,2020,47,b1525,1,nordjylland,0,246,357
272,2020,47,b1525,2,midtjylland,0,330,1720
272,2020,47,b1525,3,syddanmark,0,280,1454
272,2020,47,b1525,4,copenhagen,0,640,3866
272,2020,47,b1525,5,sjaelland,0,151,927
272,2020,47,b1525,6,whole_denmark,0,1656,8427
272,2020,47,d614g,1,nordjylland,245,246,357
272,2020,47,d614g,2,midtjylland,328,328,1720
272,2020,47,d614g,3,syddanmark,280,280,1454
272,2020,47,d614g,4,copenhagen,640,640,3866
272,2020,47,d614g,5,sjaelland,150,150,927
272,2020,47,d614g,6,whole_denmark,1643,1644,8427
272,2020,47,e484k,0,other,0,9,
272,2020,47,e484k,1,nordjylland,0,246,357
272,2020,47,e484k,2,midtjylland,0,330,1720
272,2020,47,e484k,3,syddanmark,0,280,1454
272,2020,47,e484k,4,copenhagen,0,640,3866
272,2020,47,e484k,5,sjaelland,0,151,927
272,2020,47,e484k,6,whole_denmark,0,1656,8427
272,2020,47,n439k,0,other,1,9,
272,2020,47,n439k,1,nordjylland,28,246,357
272,2020,47,n439k,2,midtjylland,32,330,1720
272,2020,47,n439k,3,syddanmark,22,280,1454
272,2020,47,n439k,4,copenhagen,73,640,3866
272,2020,47,n439k,5,sjaelland,9,151,927
272,2020,47,n439k,6,whole_denmark,165,1656,8427
272,2020,47,n501y,0,other,0,9,
272,2020,47,n501y,1,nordjylland,0,246,357
272,2020,47,n501y,2,midtjylland,0,330,1720
272,2020,47,n501y,3,syddanmark,0,280,1454
272,2020,47,n501y,4,copenhagen,0,640,3866
272,2020,47,n501y,5,sjaelland,0,151,927
272,2020,47,n501y,6,whole_denmark,0,1656,8427
272,2020,47,p1,0,other,0,9,
272,2020,47,p1,1,nordjylland,0,246,357
272,2020,47,p1,2,midtjylland,0,330,1720
272,2020,47,p1,3,syddanmark,0,280,1454
272,2020,47,p1,4,copenhagen,0,640,3866
272,2020,47,p1,5,sjaelland,0,151,927
272,2020,47,p1,6,whole_denmark,0,1656,8427
272,2020,47,p2,0,other,0,9,
272,2020,47,p2,1,nordjylland,0,246,357
272,2020,47,p2,2,midtjylland,0,330,1720
272,2020,47,p2,3,syddanmark,0,280,1454
272,2020,47,p2,4,copenhagen,0,640,3866
272,2020,47,p2,5,sjaelland,0,151,927
272,2020,47,p2,6,whole_denmark,0,1656,8427
272,2020,47,y453f,0,other,2,9,
272,2020,47,y453f,1,nordjylland,81,246,357
272,2020,47,y453f,2,midtjylland,88,330,1720
272,2020,47,y453f,3,syddanmark,32,280,1454
272,2020,47,y453f,4,copenhagen,9,640,3866
272,2020,47,y453f,5,sjaelland,4,151,927
272,2020,47,y453f,6,whole_denmark,216,1656,8427
279,2020,48,20e-eu1,0,other,6,13,
279,2020,48,20e-eu1,1,nordjylland,56,170,267
279,2020,48,20e-eu1,2,midtjylland,194,389,1529
279,2020,48,20e-eu1,3,syddanmark,36,212,1299
279,2020,48,20e-eu1,4,copenhagen,326,753,4528
279,2020,48,20e-eu1,5,sjaelland,89,172,1046
279,2020,48,20e-eu1,6,whole_denmark,707,1709,8741
279,2020,48,b117,0,other,0,13,
279,2020,48,b117,1,nordjylland,0,170,267
279,2020,48,b117,2,midtjylland,0,389,1529
279,2020,48,b117,3,syddanmark,0,212,1299
279,2020,48,b117,4,copenhagen,3,753,4528
279,2020,48,b117,5,sjaelland,0,172,1046
279,2020,48,b117,6,whole_denmark,3,1709,8741
279,2020,48,b1351,0,other,0,13,
279,2020,48,b1351,1,nordjylland,0,170,267
279,2020,48,b1351,2,midtjylland,0,389,1529
279,2020,48,b1351,3,syddanmark,0,212,1299
279,2020,48,b1351,4,copenhagen,0,753,4528
279,2020,48,b1351,5,sjaelland,0,172,1046
279,2020,48,b1351,6,whole_denmark,0,1709,8741
279,2020,48,b1525,0,other,0,13,
279,2020,48,b1525,1,nordjylland,0,170,267
279,2020,48,b1525,2,midtjylland,0,389,1529
279,2020,48,b1525,3,syddanmark,0,212,1299
279,2020,48,b1525,4,copenhagen,0,753,4528
279,2020,48,b1525,5,sjaelland,0,172,1046
279,2020,48,b1525,6,whole_denmark,0,1709,8741
279,2020,48,d614g,1,nordjylland,170,170,267
279,2020,48,d614g,2,midtjylland,350,350,1529
279,2020,48,d614g,3,syddanmark,212,212,1299
279,2020,48,d614g,4,copenhagen,753,753,4528
279,2020,48,d614g,5,sjaelland,172,172,1046
279,2020,48,d614g,6,whole_denmark,1657,1657,8741
279,2020,48,e484k,0,other,0,13,
279,2020,48,e484k,1,nordjylland,0,170,267
279,2020,48,e484k,2,midtjylland,0,389,1529
279,2020,48,e484k,3,syddanmark,0,212,1299
279,2020,48,e484k,4,copenhagen,0,753,4528
279,2020,48,e484k,5,sjaelland,0,172,1046
279,2020,48,e484k,6,whole_denmark,0,1709,8741
279,2020,48,n439k,0,other,1,13,
279,2020,48,n439k,1,nordjylland,9,170,267
279,2020,48,n439k,2,midtjylland,54,389,1529
279,2020,48,n439k,3,syddanmark,21,212,1299
279,2020,48,n439k,4,copenhagen,80,753,4528
279,2020,48,n439k,5,sjaelland,10,172,1046
279,2020,48,n439k,6,whole_denmark,175,1709,8741
279,2020,48,n501y,0,other,0,13,
279,2020,48,n501y,1,nordjylland,0,170,267
279,2020,48,n501y,2,midtjylland,0,389,1529
279,2020,48,n501y,3,syddanmark,0,212,1299
279,2020,48,n501y,4,copenhagen,3,753,4528
279,2020,48,n501y,5,sjaelland,0,172,1046
279,2020,48,n501y,6,whole_denmark,3,1709,8741
279,2020,48,p1,0,other,0,13,
279,2020,48,p1,1,nordjylland,0,170,267
279,2020,48,p1,2,midtjylland,0,389,1529
279,2020,48,p1,3,syddanmark,0,212,1299
279,2020,48,p1,4,copenhagen,0,753,4528
279,2020,48,p1,5,sjaelland,0,172,1046
279,2020,48,p1,6,whole_denmark,0,1709,8741
279,2020,48,p2,0,other,0,13,
279,2020,48,p2,1,nordjylland,0,170,267
279,2020,48,p2,2,midtjylland,0,389,1529
279,2020,48,p2,3,syddanmark,0,212,1299
279,2020,48,p2,4,copenhagen,0,753,4528
279,2020,48,p2,5,sjaelland,0,172,1046
279,2020,48,p2,6,whole_denmark,0,1709,8741
279,2020,48,y453f,0,other,0,13,
279,2020,48,y453f,1,nordjylland,33,170,267
279,2020,48,y453f,2,midtjylland,38,389,1529
279,2020,48,y453f,3,syddanmark,21,212,1299
279,2020,48,y453f,4,copenhagen,12,753,4528
279,2020,48,y453f,5,sjaelland,0,172,1046
279,2020,48,y453f,6,whole_denmark,104,1709,8741
286,2020,49,20e-eu1,0,other,7,19,
286,2020,49,20e-eu1,1,nordjylland,24,64,387
286,2020,49,20e-eu1,2,midtjylland,238,422,2233
286,2020,49,20e-eu1,3,syddanmark,58,238,1433
286,2020,49,20e-eu1,4,copenhagen,478,961,6878
286,2020,49,20e-eu1,5,sjaelland,166,266,1730
286,2020,49,20e-eu1,6,whole_denmark,971,1970,12755
286,2020,49,b117,0,other,0,19,
286,2020,49,b117,1,nordjylland,3,64,387
286,2020,49,b117,2,midtjylland,0,422,2233
286,2020,49,b117,3,syddanmark,0,238,1433
286,2020,49,b117,4,copenhagen,0,961,6878
286,2020,49,b117,5,sjaelland,0,266,1730
286,2020,49,b117,6,whole_denmark,3,1970,12755
286,2020,49,b1351,0,other,0,19,
286,2020,49,b1351,1,nordjylland,0,64,387
286,2020,49,b1351,2,midtjylland,0,422,2233
286,2020,49,b1351,3,syddanmark,0,238,1433
286,2020,49,b1351,4,copenhagen,0,961,6878
286,2020,49,b1351,5,sjaelland,0,266,1730
286,2020,49,b1351,6,whole_denmark,0,1970,12755
286,2020,49,b1525,0,other,0,19,
286,2020,49,b1525,1,nordjylland,0,64,387
286,2020,49,b1525,2,midtjylland,0,422,2233
286,2020,49,b1525,3,syddanmark,0,238,1433
286,2020,49,b1525,4,copenhagen,0,961,6878
286,2020,49,b1525,5,sjaelland,0,266,1730
286,2020,49,b1525,6,whole_denmark,0,1970,12755
286,2020,49,d614g,1,nordjylland,64,64,387
286,2020,49,d614g,2,midtjylland,422,422,2233
286,2020,49,d614g,3,syddanmark,237,238,1433
286,2020,49,d614g,4,copenhagen,959,960,6878
286,2020,49,d614g,5,sjaelland,266,266,1730
286,2020,49,d614g,6,whole_denmark,1948,1950,12755
286,2020,49,e484k,0,other,0,19,
286,2020,49,e484k,1,nordjylland,0,64,387
286,2020,49,e484k,2,midtjylland,0,422,2233
286,2020,49,e484k,3,syddanmark,0,238,1433
286,2020,49,e484k,4,copenhagen,0,961,6878
286,2020,49,e484k,5,sjaelland,0,266,1730
286,2020,49,e484k,6,whole_denmark,0,1970,12755
286,2020,49,n439k,0,other,10,19,
286,2020,49,n439k,1,nordjylland,7,64,387
286,2020,49,n439k,2,midtjylland,53,422,2233
286,2020,49,n439k,3,syddanmark,28,238,1433
286,2020,49,n439k,4,copenhagen,124,961,6878
286,2020,49,n439k,5,sjaelland,21,266,1730
286,2020,49,n439k,6,whole_denmark,243,1970,12755
286,2020,49,n501y,0,other,0,19,
286,2020,49,n501y,1,nordjylland,3,64,387
286,2020,49,n501y,2,midtjylland,0,422,2233
286,2020,49,n501y,3,syddanmark,0,238,1433
286,2020,49,n501y,4,copenhagen,0,961,6878
286,2020,49,n501y,5,sjaelland,0,266,1730
286,2020,49,n501y,6,whole_denmark,3,1970,12755
286,2020,49,p1,0,other,0,19,
286,2020,49,p1,1,nordjylland,0,64,387
286,2020,49,p1,2,midtjylland,0,422,2233
286,2020,49,p1,3,syddanmark,0,238,1433
286,2020,49,p1,4,copenhagen,0,961,6878
286,2020,49,p1,5,sjaelland,0,266,1730
286,2020,49,p1,6,whole_denmark,0,1970,12755
286,2020,49,p2,0,other,0,19,
286,2020,49,p2,1,nordjylland,0,64,387
286,2020,49,p2,2,midtjylland,0,422,2233
286,2020,49,p2,3,syddanmark,0,238,1433
286,2020,49,p2,4,copenhagen,0,961,6878
286,2020,49,p2,5,sjaelland,0,266,1730
286,2020,49,p2,6,whole_denmark,0,1970,12755
286,2020,49,y453f,0,other,0,19,
286,2020,49,y453f,1,nordjylland,8,64,387
286,2020,49,y453f,2,midtjylland,18,422,2233
286,2020,49,y453f,3,syddanmark,7,238,1433
286,2020,49,y453f,4,copenhagen,5,961,6878
286,2020,49,y453f,5,sjaelland,2,266,1730
286,2020,49,y453f,6,whole_denmark,40,1970,12755
293,2020,50,20e-eu1,0,other,9,15,
293,2020,50,20e-eu1,1,nordjylland,49,104,964
293,2020,50,20e-eu1,2,midtjylland,299,470,3718
293,2020,50,20e-eu1,3,syddanmark,191,571,2118
293,2020,50,20e-eu1,4,copenhagen,664,1222,11922
293,2020,50,20e-eu1,5,sjaelland,153,242,2990
293,2020,50,20e-eu1,6,whole_denmark,1365,2624,21803
293,2020,50,b117,0,other,0,15,
293,2020,50,b117,1,nordjylland,7,104,964
293,2020,50,b117,2,midtjylland,0,470,3718
293,2020,50,b117,3,syddanmark,1,571,2118
293,2020,50,b117,4,copenhagen,3,1222,11922
293,2020,50,b117,5,sjaelland,0,242,2990
293,2020,50,b117,6,whole_denmark,11,2624,21803
293,2020,50,b1351,0,other,0,15,
293,2020,50,b1351,1,nordjylland,0,104,964
293,2020,50,b1351,2,midtjylland,0,470,3718
293,2020,50,b1351,3,syddanmark,0,571,2118
293,2020,50,b1351,4,copenhagen,0,1222,11922
293,2020,50,b1351,5,sjaelland,0,242,2990
293,2020,50,b1351,6,whole_denmark,0,2624,21803
293,2020,50,b1525,0,other,0,15,
293,2020,50,b1525,1,nordjylland,0,104,964
293,2020,50,b1525,2,midtjylland,0,470,3718
293,2020,50,b1525,3,syddanmark,0,571,2118
293,2020,50,b1525,4,copenhagen,0,1222,11922
293,2020,50,b1525,5,sjaelland,0,242,2990
293,2020,50,b1525,6,whole_denmark,0,2624,21803
293,2020,50,d614g,1,nordjylland,104,104,964
293,2020,50,d614g,2,midtjylland,468,470,3718
293,2020,50,d614g,3,syddanmark,568,571,2118
293,2020,50,d614g,4,copenhagen,1215,1217,11922
293,2020,50,d614g,5,sjaelland,241,242,2990
293,2020,50,d614g,6,whole_denmark,2596,2604,21803
293,2020,50,e484k,0,other,0,15,
293,2020,50,e484k,1,nordjylland,0,104,964
293,2020,50,e484k,2,midtjylland,0,470,3718
293,2020,50,e484k,3,syddanmark,0,571,2118
293,2020,50,e484k,4,copenhagen,0,1222,11922
293,2020,50,e484k,5,sjaelland,0,242,2990
293,2020,50,e484k,6,whole_denmark,0,2624,21803
293,2020,50,n439k,0,other,2,15,
293,2020,50,n439k,1,nordjylland,13,104,964
293,2020,50,n439k,2,midtjylland,48,470,3718
293,2020,50,n439k,3,syddanmark,67,571,2118
293,2020,50,n439k,4,copenhagen,175,1222,11922
293,2020,50,n439k,5,sjaelland,21,242,2990
293,2020,50,n439k,6,whole_denmark,326,2624,21803
293,2020,50,n501y,0,other,0,15,
293,2020,50,n501y,1,nordjylland,7,104,964
293,2020,50,n501y,2,midtjylland,0,470,3718
293,2020,50,n501y,3,syddanmark,1,571,2118
293,2020,50,n501y,4,copenhagen,3,1222,11922
293,2020,50,n501y,5,sjaelland,0,242,2990
293,2020,50,n501y,6,whole_denmark,11,2624,21803
293,2020,50,p1,0,other,0,15,
293,2020,50,p1,1,nordjylland,0,104,964
293,2020,50,p1,2,midtjylland,0,470,3718
293,2020,50,p1,3,syddanmark,0,571,2118
293,2020,50,p1,4,copenhagen,0,1222,11922
293,2020,50,p1,5,sjaelland,0,242,2990
293,2020,50,p1,6,whole_denmark,0,2624,21803
293,2020,50,p2,0,other,0,15,
293,2020,50,p2,1,nordjylland,0,104,964
293,2020,50,p2,2,midtjylland,0,470,3718
293,2020,50,p2,3,syddanmark,0,571,2118
293,2020,50,p2,4,copenhagen,0,1222,11922
293,2020,50,p2,5,sjaelland,0,242,2990
293,2020,50,p2,6,whole_denmark,0,2624,21803
293,2020,50,y453f,0,other,0,15,
293,2020,50,y453f,1,nordjylland,4,104,964
293,2020,50,y453f,2,midtjylland,9,470,3718
293,2020,50,y453f,3,syddanmark,3,571,2118
293,2020,50,y453f,4,copenhagen,2,1222,11922
293,2020,50,y453f,5,sjaelland,2,242,2990
293,2020,50,y453f,6,whole_denmark,20,2624,21803
300,2020,51,20e-eu1,0,other,11,21,
300,2020,51,20e-eu1,1,nordjylland,200,344,1422
300,2020,51,20e-eu1,2,midtjylland,453,694,4315
300,2020,51,20e-eu1,3,syddanmark,235,618,2968
300,2020,51,20e-eu1,4,copenhagen,830,1465,11895
300,2020,51,20e-eu1,5,sjaelland,240,406,3704
300,2020,51,20e-eu1,6,whole_denmark,1969,3548,24427
300,2020,51,b117,0,other,1,21,
300,2020,51,b117,1,nordjylland,12,344,1422
300,2020,51,b117,2,midtjylland,0,694,4315
300,2020,51,b117,3,syddanmark,7,618,2968
300,2020,51,b117,4,copenhagen,8,1465,11895
300,2020,51,b117,5,sjaelland,3,406,3704
300,2020,51,b117,6,whole_denmark,31,3548,24427
300,2020,51,b1351,0,other,0,21,
300,2020,51,b1351,1,nordjylland,0,344,1422
300,2020,51,b1351,2,midtjylland,0,694,4315
300,2020,51,b1351,3,syddanmark,0,618,2968
300,2020,51,b1351,4,copenhagen,0,1465,11895
300,2020,51,b1351,5,sjaelland,0,406,3704
300,2020,51,b1351,6,whole_denmark,0,3548,24427
300,2020,51,b1525,0,other,0,21,
300,2020,51,b1525,1,nordjylland,0,344,1422
300,2020,51,b1525,2,midtjylland,0,694,4315
300,2020,51,b1525,3,syddanmark,0,618,2968
300,2020,51,b1525,4,copenhagen,0,1465,11895
300,2020,51,b1525,5,sjaelland,0,406,3704
300,2020,51,b1525,6,whole_denmark,0,3548,24427
300,2020,51,d614g,1,nordjylland,344,344,1422
300,2020,51,d614g,2,midtjylland,690,694,4315
300,2020,51,d614g,3,syddanmark,617,618,2968
300,2020,51,d614g,4,copenhagen,1392,1398,11895
300,2020,51,d614g,5,sjaelland,398,399,3704
300,2020,51,d614g,6,whole_denmark,3441,3453,24427
300,2020,51,e484k,0,other,0,21,
300,2020,51,e484k,1,nordjylland,0,344,1422
300,2020,51,e484k,2,midtjylland,0,694,4315
300,2020,51,e484k,3,syddanmark,0,618,2968
300,2020,51,e484k,4,copenhagen,0,1465,11895
300,2020,51,e484k,5,sjaelland,0,406,3704
300,2020,51,e484k,6,whole_denmark,0,3548,24427
300,2020,51,n439k,0,other,6,21,
300,2020,51,n439k,1,nordjylland,41,344,1422
300,2020,51,n439k,2,midtjylland,54,694,4315
300,2020,51,n439k,3,syddanmark,93,618,2968
300,2020,51,n439k,4,copenhagen,188,1465,11895
300,2020,51,n439k,5,sjaelland,77,406,3704
300,2020,51,n439k,6,whole_denmark,459,3548,24427
300,2020,51,n501y,0,other,1,21,
300,2020,51,n501y,1,nordjylland,12,344,1422
300,2020,51,n501y,2,midtjylland,0,694,4315
300,2020,51,n501y,3,syddanmark,7,618,2968
300,2020,51,n501y,4,copenhagen,10,1465,11895
300,2020,51,n501y,5,sjaelland,3,406,3704
300,2020,51,n501y,6,whole_denmark,33,3548,24427
300,2020,51,p1,0,other,0,21,
300,2020,51,p1,1,nordjylland,0,344,1422
300,2020,51,p1,2,midtjylland,0,694,4315
300,2020,51,p1,3,syddanmark,0,618,2968
300,2020,51,p1,4,copenhagen,0,1465,11895
300,2020,51,p1,5,sjaelland,0,406,3704
300,2020,51,p1,6,whole_denmark,0,3548,24427
300,2020,51,p2,0,other,0,21,
300,2020,51,p2,1,nordjylland,0,344,1422
300,2020,51,p2,2,midtjylland,0,694,4315
300,2020,51,p2,3,syddanmark,0,618,2968
300,2020,51,p2,4,copenhagen,0,1465,11895
300,2020,51,p2,5,sjaelland,0,406,3704
300,2020,51,p2,6,whole_denmark,0,3548,24427
300,2020,51,y453f,0,other,0,21,
300,2020,51,y453f,1,nordjylland,14,344,1422
300,2020,51,y453f,2,midtjylland,5,694,4315
300,2020,51,y453f,3,syddanmark,0,618,2968
300,2020,51,y453f,4,copenhagen,2,1465,11895
300,2020,51,y453f,5,sjaelland,0,406,3704
300,2020,51,y453f,6,whole_denmark,21,3548,24427
307,2020,52,20e-eu1,0,other,16,24,
307,2020,52,20e-eu1,1,nordjylland,205,362,1303
307,2020,52,20e-eu1,2,midtjylland,368,523,2809
307,2020,52,20e-eu1,3,syddanmark,258,563,2211
307,2020,52,20e-eu1,4,copenhagen,878,1451,7974
307,2020,52,20e-eu1,5,sjaelland,213,349,2519
307,2020,52,20e-eu1,6,whole_denmark,1938,3272,16930
307,2020,52,b117,0,other,0,24,
307,2020,52,b117,1,nordjylland,18,362,1303
307,2020,52,b117,2,midtjylland,8,523,2809
307,2020,52,b117,3,syddanmark,9,563,2211
307,2020,52,b117,4,copenhagen,17,1451,7974
307,2020,52,b117,5,sjaelland,11,349,2519
307,2020,52,b117,6,whole_denmark,63,3272,16930
307,2020,52,b1351,0,other,0,24,
307,2020,52,b1351,1,nordjylland,0,362,1303
307,2020,52,b1351,2,midtjylland,0,523,2809
307,2020,52,b1351,3,syddanmark,0,563,2211
307,2020,52,b1351,4,copenhagen,0,1451,7974
307,2020,52,b1351,5,sjaelland,0,349,2519
307,2020,52,b1351,6,whole_denmark,0,3272,16930
307,2020,52,b1525,0,other,0,24,
307,2020,52,b1525,1,nordjylland,0,362,1303
307,2020,52,b1525,2,midtjylland,0,523,2809
307,2020,52,b1525,3,syddanmark,0,563,2211
307,2020,52,b1525,4,copenhagen,0,1451,7974
307,2020,52,b1525,5,sjaelland,0,349,2519
307,2020,52,b1525,6,whole_denmark,0,3272,16930
307,2020,52,d614g,1,nordjylland,362,362,1303
307,2020,52,d614g,2,midtjylland,519,522,2809
307,2020,52,d614g,3,syddanmark,562,563,2211
307,2020,52,d614g,4,copenhagen,1328,1329,7974
307,2020,52,d614g,5,sjaelland,331,331,2519
307,2020,52,d614g,6,whole_denmark,3102,3107,16930
307,2020,52,e484k,0,other,0,24,
307,2020,52,e484k,1,nordjylland,0,362,1303
307,2020,52,e484k,2,midtjylland,0,523,2809
307,2020,52,e484k,3,syddanmark,0,563,2211
307,2020,52,e484k,4,copenhagen,0,1451,7974
307,2020,52,e484k,5,sjaelland,0,349,2519
307,2020,52,e484k,6,whole_denmark,0,3272,16930
307,2020,52,n439k,0,other,3,24,
307,2020,52,n439k,1,nordjylland,17,362,1303
307,2020,52,n439k,2,midtjylland,25,523,2809
307,2020,52,n439k,3,syddanmark,65,563,2211
307,2020,52,n439k,4,copenhagen,180,1451,7974
307,2020,52,n439k,5,sjaelland,55,349,2519
307,2020,52,n439k,6,whole_denmark,345,3272,16930
307,2020,52,n501y,0,other,0,24,
307,2020,52,n501y,1,nordjylland,18,362,1303
307,2020,52,n501y,2,midtjylland,9,523,2809
307,2020,52,n501y,3,syddanmark,9,563,2211
307,2020,52,n501y,4,copenhagen,17,1451,7974
307,2020,52,n501y,5,sjaelland,11,349,2519
307,2020,52,n501y,6,whole_denmark,64,3272,16930
307,2020,52,p1,0,other,0,24,
307,2020,52,p1,1,nordjylland,0,362,1303
307,2020,52,p1,2,midtjylland,0,523,2809
307,2020,52,p1,3,syddanmark,0,563,2211
307,2020,52,p1,4,copenhagen,0,1451,7974
307,2020,52,p1,5,sjaelland,0,349,2519
307,2020,52,p1,6,whole_denmark,0,3272,16930
307,2020,52,p2,0,other,0,24,
307,2020,52,p2,1,nordjylland,0,362,1303
307,2020,52,p2,2,midtjylland,0,523,2809
307,2020,52,p2,3,syddanmark,0,563,2211
307,2020,52,p2,4,copenhagen,0,1451,7974
307,2020,52,p2,5,sjaelland,0,349,2519
307,2020,52,p2,6,whole_denmark,0,3272,16930
307,2020,52,y453f,0,other,0,24,
307,2020,52,y453f,1,nordjylland,1,362,1303
307,2020,52,y453f,2,midtjylland,1,523,2809
307,2020,52,y453f,3,syddanmark,1,563,2211
307,2020,52,y453f,4,copenhagen,0,1451,7974
307,2020,52,y453f,5,sjaelland,0,349,2519
307,2020,52,y453f,6,whole_denmark,3,3272,16930
314,2020,53,20e-eu1,0,other,30,47,
314,2020,53,20e-eu1,1,nordjylland,184,270,1222
314,2020,53,20e-eu1,2,midtjylland,450,706,2798
314,2020,53,20e-eu1,3,syddanmark,270,550,1925
314,2020,53,20e-eu1,4,copenhagen,965,1627,6127
314,2020,53,20e-eu1,5,sjaelland,311,488,2337
314,2020,53,20e-eu1,6,whole_denmark,2210,3688,14535
314,2020,53,b117,0,other,0,47,
314,2020,53,b117,1,nordjylland,7,270,1222
314,2020,53,b117,2,midtjylland,21,706,2798
314,2020,53,b117,3,syddanmark,25,550,1925
314,2020,53,b117,4,copenhagen,16,1627,6127
314,2020,53,b117,5,sjaelland,7,488,2337
314,2020,53,b117,6,whole_denmark,76,3688,14535
314,2020,53,b1351,0,other,0,47,
314,2020,53,b1351,1,nordjylland,0,270,1222
314,2020,53,b1351,2,midtjylland,0,706,2798
314,2020,53,b1351,3,syddanmark,0,550,1925
314,2020,53,b1351,4,copenhagen,0,1627,6127
314,2020,53,b1351,5,sjaelland,0,488,2337
314,2020,53,b1351,6,whole_denmark,0,3688,14535
314,2020,53,b1525,0,other,0,47,
314,2020,53,b1525,1,nordjylland,0,270,1222
314,2020,53,b1525,2,midtjylland,0,706,2798
314,2020,53,b1525,3,syddanmark,0,550,1925
314,2020,53,b1525,4,copenhagen,0,1627,6127
314,2020,53,b1525,5,sjaelland,0,488,2337
314,2020,53,b1525,6,whole_denmark,0,3688,14535
314,2020,53,d614g,1,nordjylland,269,270,1222
314,2020,53,d614g,2,midtjylland,698,704,2798
314,2020,53,d614g,3,syddanmark,549,550,1925
314,2020,53,d614g,4,copenhagen,1350,1352,6127
314,2020,53,d614g,5,sjaelland,460,461,2337
314,2020,53,d614g,6,whole_denmark,3326,3337,14535
314,2020,53,e484k,0,other,1,47,
314,2020,53,e484k,1,nordjylland,2,270,1222
314,2020,53,e484k,2,midtjylland,0,706,2798
314,2020,53,e484k,3,syddanmark,0,550,1925
314,2020,53,e484k,4,copenhagen,0,1627,6127
314,2020,53,e484k,5,sjaelland,1,488,2337
314,2020,53,e484k,6,whole_denmark,4,3688,14535
314,2020,53,n439k,0,other,4,47,
314,2020,53,n439k,1,nordjylland,12,270,1222
314,2020,53,n439k,2,midtjylland,48,706,2798
314,2020,53,n439k,3,syddanmark,64,550,1925
314,2020,53,n439k,4,copenhagen,204,1627,6127
314,2020,53,n439k,5,sjaelland,74,488,2337
314,2020,53,n439k,6,whole_denmark,406,3688,14535
314,2020,53,n501y,0,other,0,47,
314,2020,53,n501y,1,nordjylland,7,270,1222
314,2020,53,n501y,2,midtjylland,24,706,2798
314,2020,53,n501y,3,syddanmark,25,550,1925
314,2020,53,n501y,4,copenhagen,16,1627,6127
314,2020,53,n501y,5,sjaelland,7,488,2337
314,2020,53,n501y,6,whole_denmark,79,3688,14535
314,2020,53,p1,0,other,0,47,
314,2020,53,p1,1,nordjylland,0,270,1222
314,2020,53,p1,2,midtjylland,0,706,2798
314,2020,53,p1,3,syddanmark,0,550,1925
314,2020,53,p1,4,copenhagen,0,1627,6127
314,2020,53,p1,5,sjaelland,0,488,2337
314,2020,53,p1,6,whole_denmark,0,3688,14535
314,2020,53,p2,0,other,1,47,
314,2020,53,p2,1,nordjylland,2,270,1222
314,2020,53,p2,2,midtjylland,0,706,2798
314,2020,53,p2,3,syddanmark,0,550,1925
314,2020,53,p2,4,copenhagen,0,1627,6127
314,2020,53,p2,5,sjaelland,0,488,2337
314,2020,53,p2,6,whole_denmark,3,3688,14535
314,2020,53,y453f,0,other,0,47,
314,2020,53,y453f,1,nordjylland,4,270,1222
314,2020,53,y453f,2,midtjylland,2,706,2798
314,2020,53,y453f,3,syddanmark,0,550,1925
314,2020,53,y453f,4,copenhagen,0,1627,6127
314,2020,53,y453f,5,sjaelland,0,488,2337
314,2020,53,y453f,6,whole_denmark,6,3688,14535
321,2021,1,20e-eu1,0,other,11,24,
321,2021,1,20e-eu1,1,nordjylland,170,244,983
321,2021,1,20e-eu1,2,midtjylland,519,828,2045
321,2021,1,20e-eu1,3,syddanmark,287,583,1652
321,2021,1,20e-eu1,4,copenhagen,1031,1707,4665
321,2021,1,20e-eu1,5,sjaelland,390,636,1869
321,2021,1,20e-eu1,6,whole_denmark,2408,4022,11289
321,2021,1,b117,0,other,1,24,
321,2021,1,b117,1,nordjylland,5,244,983
321,2021,1,b117,2,midtjylland,26,828,2045
321,2021,1,b117,3,syddanmark,34,583,1652
321,2021,1,b117,4,copenhagen,45,1707,4665
321,2021,1,b117,5,sjaelland,37,636,1869
321,2021,1,b117,6,whole_denmark,148,4022,11289
321,2021,1,b1351,0,other,0,24,
321,2021,1,b1351,1,nordjylland,0,244,983
321,2021,1,b1351,2,midtjylland,0,828,2045
321,2021,1,b1351,3,syddanmark,0,583,1652
321,2021,1,b1351,4,copenhagen,0,1707,4665
321,2021,1,b1351,5,sjaelland,1,636,1869
321,2021,1,b1351,6,whole_denmark,1,4022,11289
321,2021,1,b1525,0,other,0,24,
321,2021,1,b1525,1,nordjylland,0,244,983
321,2021,1,b1525,2,midtjylland,0,828,2045
321,2021,1,b1525,3,syddanmark,0,583,1652
321,2021,1,b1525,4,copenhagen,0,1707,4665
321,2021,1,b1525,5,sjaelland,0,636,1869
321,2021,1,b1525,6,whole_denmark,0,4022,11289
321,2021,1,d614g,1,nordjylland,245,245,983
321,2021,1,d614g,2,midtjylland,751,828,2045
321,2021,1,d614g,3,syddanmark,576,577,1652
321,2021,1,d614g,4,copenhagen,1360,1362,4665
321,2021,1,d614g,5,sjaelland,616,617,1869
321,2021,1,d614g,6,whole_denmark,3548,3629,11289
321,2021,1,e484k,0,other,0,24,
321,2021,1,e484k,1,nordjylland,0,244,983
321,2021,1,e484k,2,midtjylland,0,828,2045
321,2021,1,e484k,3,syddanmark,0,583,1652
321,2021,1,e484k,4,copenhagen,1,1707,4665
321,2021,1,e484k,5,sjaelland,1,636,1869
321,2021,1,e484k,6,whole_denmark,2,4022,11289
321,2021,1,n439k,0,other,4,24,
321,2021,1,n439k,1,nordjylland,11,244,983
321,2021,1,n439k,2,midtjylland,44,828,2045
321,2021,1,n439k,3,syddanmark,63,583,1652
321,2021,1,n439k,4,copenhagen,162,1707,4665
321,2021,1,n439k,5,sjaelland,95,636,1869
321,2021,1,n439k,6,whole_denmark,379,4022,11289
321,2021,1,n501y,0,other,1,24,
321,2021,1,n501y,1,nordjylland,5,244,983
321,2021,1,n501y,2,midtjylland,24,828,2045
321,2021,1,n501y,3,syddanmark,33,583,1652
321,2021,1,n501y,4,copenhagen,45,1707,4665
321,2021,1,n501y,5,sjaelland,38,636,1869
321,2021,1,n501y,6,whole_denmark,146,4022,11289
321,2021,1,p1,0,other,0,24,
321,2021,1,p1,1,nordjylland,0,244,983
321,2021,1,p1,2,midtjylland,0,828,2045
321,2021,1,p1,3,syddanmark,0,583,1652
321,2021,1,p1,4,copenhagen,0,1707,4665
321,2021,1,p1,5,sjaelland,0,636,1869
321,2021,1,p1,6,whole_denmark,0,4022,11289
321,2021,1,p2,0,other,0,24,
321,2021,1,p2,1,nordjylland,0,244,983
321,2021,1,p2,2,midtjylland,0,828,2045
321,2021,1,p2,3,syddanmark,0,583,1652
321,2021,1,p2,4,copenhagen,1,1707,4665
321,2021,1,p2,5,sjaelland,0,636,1869
321,2021,1,p2,6,whole_denmark,1,4022,11289
321,2021,1,y453f,0,other,0,24,
321,2021,1,y453f,1,nordjylland,0,244,983
321,2021,1,y453f,2,midtjylland,3,828,2045
321,2021,1,y453f,3,syddanmark,0,583,1652
321,2021,1,y453f,4,copenhagen,0,1707,4665
321,2021,1,y453f,5,sjaelland,0,636,1869
321,2021,1,y453f,6,whole_denmark,3,4022,11289
328,2021,2,20e-eu1,0,other,11,34,
328,2021,2,20e-eu1,1,nordjylland,203,327,642
328,2021,2,20e-eu1,2,midtjylland,260,484,999
328,2021,2,20e-eu1,3,syddanmark,274,537,1002
328,2021,2,20e-eu1,4,copenhagen,1090,1880,3171
328,2021,2,20e-eu1,5,sjaelland,371,639,1110
328,2021,2,20e-eu1,6,whole_denmark,2209,3901,6988
328,2021,2,b117,0,other,3,34,
328,2021,2,b117,1,nordjylland,5,327,642
328,2021,2,b117,2,midtjylland,22,484,999
328,2021,2,b117,3,syddanmark,61,537,1002
328,2021,2,b117,4,copenhagen,114,1880,3171
328,2021,2,b117,5,sjaelland,70,639,1110
328,2021,2,b117,6,whole_denmark,275,3901,6988
328,2021,2,b1351,0,other,0,34,
328,2021,2,b1351,1,nordjylland,0,327,642
328,2021,2,b1351,2,midtjylland,0,484,999
328,2021,2,b1351,3,syddanmark,0,537,1002
328,2021,2,b1351,4,copenhagen,0,1880,3171
328,2021,2,b1351,5,sjaelland,0,639,1110
328,2021,2,b1351,6,whole_denmark,0,3901,6988
328,2021,2,b1525,0,other,0,34,
328,2021,2,b1525,1,nordjylland,0,327,642
328,2021,2,b1525,2,midtjylland,0,484,999
328,2021,2,b1525,3,syddanmark,0,537,1002
328,2021,2,b1525,4,copenhagen,2,1880,3171
328,2021,2,b1525,5,sjaelland,0,639,1110
328,2021,2,b1525,6,whole_denmark,2,3901,6988
328,2021,2,d614g,1,nordjylland,324,324,642
328,2021,2,d614g,2,midtjylland,421,480,999
328,2021,2,d614g,3,syddanmark,525,527,1002
328,2021,2,d614g,4,copenhagen,1512,1516,3171
328,2021,2,d614g,5,sjaelland,619,619,1110
328,2021,2,d614g,6,whole_denmark,3401,3466,6988
328,2021,2,e484k,0,other,0,34,
328,2021,2,e484k,1,nordjylland,0,327,642
328,2021,2,e484k,2,midtjylland,0,484,999
328,2021,2,e484k,3,syddanmark,0,537,1002
328,2021,2,e484k,4,copenhagen,4,1880,3171
328,2021,2,e484k,5,sjaelland,0,639,1110
328,2021,2,e484k,6,whole_denmark,4,3901,6988
328,2021,2,n439k,0,other,5,34,
328,2021,2,n439k,1,nordjylland,24,327,642
328,2021,2,n439k,2,midtjylland,32,484,999
328,2021,2,n439k,3,syddanmark,75,537,1002
328,2021,2,n439k,4,copenhagen,163,1880,3171
328,2021,2,n439k,5,sjaelland,74,639,1110
328,2021,2,n439k,6,whole_denmark,373,3901,6988
328,2021,2,n501y,0,other,3,34,
328,2021,2,n501y,1,nordjylland,5,327,642
328,2021,2,n501y,2,midtjylland,22,484,999
328,2021,2,n501y,3,syddanmark,61,537,1002
328,2021,2,n501y,4,copenhagen,114,1880,3171
328,2021,2,n501y,5,sjaelland,70,639,1110
328,2021,2,n501y,6,whole_denmark,275,3901,6988
328,2021,2,p1,0,other,0,34,
328,2021,2,p1,1,nordjylland,0,327,642
328,2021,2,p1,2,midtjylland,0,484,999
328,2021,2,p1,3,syddanmark,0,537,1002
328,2021,2,p1,4,copenhagen,0,1880,3171
328,2021,2,p1,5,sjaelland,0,639,1110
328,2021,2,p1,6,whole_denmark,0,3901,6988
328,2021,2,p2,0,other,0,34,
328,2021,2,p2,1,nordjylland,0,327,642
328,2021,2,p2,2,midtjylland,0,484,999
328,2021,2,p2,3,syddanmark,0,537,1002
328,2021,2,p2,4,copenhagen,2,1880,3171
328,2021,2,p2,5,sjaelland,0,639,1110
328,2021,2,p2,6,whole_denmark,2,3901,6988
328,2021,2,y453f,0,other,0,34,
328,2021,2,y453f,1,nordjylland,0,327,642
328,2021,2,y453f,2,midtjylland,2,484,999
328,2021,2,y453f,3,syddanmark,2,537,1002
328,2021,2,y453f,4,copenhagen,0,1880,3171
328,2021,2,y453f,5,sjaelland,0,639,1110
328,2021,2,y453f,6,whole_denmark,4,3901,6988
335,2021,3,20e-eu1,0,other,10,33,
335,2021,3,20e-eu1,1,nordjylland,168,358,503
335,2021,3,20e-eu1,2,midtjylland,277,463,695
335,2021,3,20e-eu1,3,syddanmark,273,600,870
335,2021,3,20e-eu1,4,copenhagen,905,1508,2279
335,2021,3,20e-eu1,5,sjaelland,396,617,912
335,2021,3,20e-eu1,6,whole_denmark,2029,3579,5315
335,2021,3,b117,0,other,9,33,
335,2021,3,b117,1,nordjylland,24,358,503
335,2021,3,b117,2,midtjylland,51,463,695
335,2021,3,b117,3,syddanmark,99,600,870
335,2021,3,b117,4,copenhagen,198,1508,2279
335,2021,3,b117,5,sjaelland,79,617,912
335,2021,3,b117,6,whole_denmark,460,3579,5315
335,2021,3,b1351,0,other,0,33,
335,2021,3,b1351,1,nordjylland,2,358,503
335,2021,3,b1351,2,midtjylland,0,463,695
335,2021,3,b1351,3,syddanmark,1,600,870
335,2021,3,b1351,4,copenhagen,0,1508,2279
335,2021,3,b1351,5,sjaelland,0,617,912
335,2021,3,b1351,6,whole_denmark,3,3579,5315
335,2021,3,b1525,0,other,0,33,
335,2021,3,b1525,1,nordjylland,0,358,503
335,2021,3,b1525,2,midtjylland,0,463,695
335,2021,3,b1525,3,syddanmark,3,600,870
335,2021,3,b1525,4,copenhagen,2,1508,2279
335,2021,3,b1525,5,sjaelland,0,617,912
335,2021,3,b1525,6,whole_denmark,5,3579,5315
335,2021,3,d614g,1,nordjylland,358,358,503
335,2021,3,d614g,2,midtjylland,455,458,695
335,2021,3,d614g,3,syddanmark,572,572,870
335,2021,3,d614g,4,copenhagen,1252,1255,2279
335,2021,3,d614g,5,sjaelland,575,579,912
335,2021,3,d614g,6,whole_denmark,3212,3222,5315
335,2021,3,e484k,0,other,0,33,
335,2021,3,e484k,1,nordjylland,4,358,503
335,2021,3,e484k,2,midtjylland,0,463,695
335,2021,3,e484k,3,syddanmark,4,600,870
335,2021,3,e484k,4,copenhagen,2,1508,2279
335,2021,3,e484k,5,sjaelland,0,617,912
335,2021,3,e484k,6,whole_denmark,10,3579,5315
335,2021,3,n439k,0,other,3,33,
335,2021,3,n439k,1,nordjylland,22,358,503
335,2021,3,n439k,2,midtjylland,16,463,695
335,2021,3,n439k,3,syddanmark,78,600,870
335,2021,3,n439k,4,copenhagen,81,1508,2279
335,2021,3,n439k,5,sjaelland,43,617,912
335,2021,3,n439k,6,whole_denmark,243,3579,5315
335,2021,3,n501y,0,other,8,33,
335,2021,3,n501y,1,nordjylland,26,358,503
335,2021,3,n501y,2,midtjylland,50,463,695
335,2021,3,n501y,3,syddanmark,98,600,870
335,2021,3,n501y,4,copenhagen,195,1508,2279
335,2021,3,n501y,5,sjaelland,79,617,912
335,2021,3,n501y,6,whole_denmark,456,3579,5315
335,2021,3,p1,0,other,0,33,
335,2021,3,p1,1,nordjylland,0,358,503
335,2021,3,p1,2,midtjylland,0,463,695
335,2021,3,p1,3,syddanmark,0,600,870
335,2021,3,p1,4,copenhagen,0,1508,2279
335,2021,3,p1,5,sjaelland,0,617,912
335,2021,3,p1,6,whole_denmark,0,3579,5315
335,2021,3,p2,0,other,0,33,
335,2021,3,p2,1,nordjylland,2,358,503
335,2021,3,p2,2,midtjylland,0,463,695
335,2021,3,p2,3,syddanmark,0,600,870
335,2021,3,p2,4,copenhagen,0,1508,2279
335,2021,3,p2,5,sjaelland,0,617,912
335,2021,3,p2,6,whole_denmark,2,3579,5315
335,2021,3,y453f,0,other,0,33,
335,2021,3,y453f,1,nordjylland,0,358,503
335,2021,3,y453f,2,midtjylland,0,463,695
335,2021,3,y453f,3,syddanmark,0,600,870
335,2021,3,y453f,4,copenhagen,1,1508,2279
335,2021,3,y453f,5,sjaelland,0,617,912
335,2021,3,y453f,6,whole_denmark,1,3579,5315
342,2021,4,20e-eu1,0,other,15,38,
342,2021,4,20e-eu1,1,nordjylland,96,214,285
342,2021,4,20e-eu1,2,midtjylland,204,306,439
342,2021,4,20e-eu1,3,syddanmark,127,420,592
342,2021,4,20e-eu1,4,copenhagen,695,1154,1614
342,2021,4,20e-eu1,5,sjaelland,275,469,629
342,2021,4,20e-eu1,6,whole_denmark,1412,2601,3611
342,2021,4,b117,0,other,11,38,
342,2021,4,b117,1,nordjylland,25,214,285
342,2021,4,b117,2,midtjylland,45,306,439
342,2021,4,b117,3,syddanmark,92,420,592
342,2021,4,b117,4,copenhagen,234,1154,1614
342,2021,4,b117,5,sjaelland,103,469,629
342,2021,4,b117,6,whole_denmark,510,2601,3611
342,2021,4,b1351,0,other,0,38,
342,2021,4,b1351,1,nordjylland,0,214,285
342,2021,4,b1351,2,midtjylland,1,306,439
342,2021,4,b1351,3,syddanmark,0,420,592
342,2021,4,b1351,4,copenhagen,0,1154,1614
342,2021,4,b1351,5,sjaelland,0,469,629
342,2021,4,b1351,6,whole_denmark,1,2601,3611
342,2021,4,b1525,0,other,0,38,
342,2021,4,b1525,1,nordjylland,0,214,285
342,2021,4,b1525,2,midtjylland,0,306,439
342,2021,4,b1525,3,syddanmark,9,420,592
342,2021,4,b1525,4,copenhagen,3,1154,1614
342,2021,4,b1525,5,sjaelland,0,469,629
342,2021,4,b1525,6,whole_denmark,12,2601,3611
342,2021,4,d614g,1,nordjylland,150,150,285
342,2021,4,d614g,2,midtjylland,215,216,439
342,2021,4,d614g,3,syddanmark,294,295,592
342,2021,4,d614g,4,copenhagen,655,655,1614
342,2021,4,d614g,5,sjaelland,324,324,629
342,2021,4,d614g,6,whole_denmark,1638,1640,3611
342,2021,4,e484k,0,other,0,38,
342,2021,4,e484k,1,nordjylland,6,214,285
342,2021,4,e484k,2,midtjylland,1,306,439
342,2021,4,e484k,3,syddanmark,9,420,592
342,2021,4,e484k,4,copenhagen,3,1154,1614
342,2021,4,e484k,5,sjaelland,0,469,629
342,2021,4,e484k,6,whole_denmark,19,2601,3611
342,2021,4,n439k,0,other,1,38,
342,2021,4,n439k,1,nordjylland,19,214,285
342,2021,4,n439k,2,midtjylland,5,306,439
342,2021,4,n439k,3,syddanmark,38,420,592
342,2021,4,n439k,4,copenhagen,35,1154,1614
342,2021,4,n439k,5,sjaelland,14,469,629
342,2021,4,n439k,6,whole_denmark,112,2601,3611
342,2021,4,n501y,0,other,11,38,
342,2021,4,n501y,1,nordjylland,25,214,285
342,2021,4,n501y,2,midtjylland,46,306,439
342,2021,4,n501y,3,syddanmark,88,420,592
342,2021,4,n501y,4,copenhagen,234,1154,1614
342,2021,4,n501y,5,sjaelland,103,469,629
342,2021,4,n501y,6,whole_denmark,507,2601,3611
342,2021,4,p1,0,other,0,38,
342,2021,4,p1,1,nordjylland,0,214,285
342,2021,4,p1,2,midtjylland,0,306,439
342,2021,4,p1,3,syddanmark,0,420,592
342,2021,4,p1,4,copenhagen,0,1154,1614
342,2021,4,p1,5,sjaelland,0,469,629
342,2021,4,p1,6,whole_denmark,0,2601,3611
342,2021,4,p2,0,other,0,38,
342,2021,4,p2,1,nordjylland,6,214,285
342,2021,4,p2,2,midtjylland,0,306,439
342,2021,4,p2,3,syddanmark,0,420,592
342,2021,4,p2,4,copenhagen,0,1154,1614
342,2021,4,p2,5,sjaelland,0,469,629
342,2021,4,p2,6,whole_denmark,6,2601,3611
342,2021,4,y453f,0,other,0,38,
342,2021,4,y453f,1,nordjylland,0,214,285
342,2021,4,y453f,2,midtjylland,0,306,439
342,2021,4,y453f,3,syddanmark,0,420,592
342,2021,4,y453f,4,copenhagen,0,1154,1614
342,2021,4,y453f,5,sjaelland,0,469,629
342,2021,4,y453f,6,whole_denmark,0,2601,3611
349,2021,5,20e-eu1,0,other,2,7,
349,2021,5,20e-eu1,1,nordjylland,52,192,259
349,2021,5,20e-eu1,2,midtjylland,167,338,461
349,2021,5,20e-eu1,3,syddanmark,99,399,583
349,2021,5,20e-eu1,4,copenhagen,373,798,1264
349,2021,5,20e-eu1,5,sjaelland,124,304,484
349,2021,5,20e-eu1,6,whole_denmark,817,2038,3084
349,2021,5,b117,0,other,2,7,
349,2021,5,b117,1,nordjylland,17,192,259
349,2021,5,b117,2,midtjylland,82,338,461
349,2021,5,b117,3,syddanmark,122,399,583
349,2021,5,b117,4,copenhagen,271,798,1264
349,2021,5,b117,5,sjaelland,130,304,484
349,2021,5,b117,6,whole_denmark,624,2038,3084
349,2021,5,b1351,0,other,0,7,
349,2021,5,b1351,1,nordjylland,0,192,259
349,2021,5,b1351,2,midtjylland,0,338,461
349,2021,5,b1351,3,syddanmark,1,399,583
349,2021,5,b1351,4,copenhagen,2,798,1264
349,2021,5,b1351,5,sjaelland,0,304,484
349,2021,5,b1351,6,whole_denmark,3,2038,3084
349,2021,5,b1525,0,other,0,7,
349,2021,5,b1525,1,nordjylland,0,192,259
349,2021,5,b1525,2,midtjylland,0,338,461
349,2021,5,b1525,3,syddanmark,9,399,583
349,2021,5,b1525,4,copenhagen,23,798,1264
349,2021,5,b1525,5,sjaelland,2,304,484
349,2021,5,b1525,6,whole_denmark,34,2038,3084
349,2021,5,e484k,0,other,0,7,
349,2021,5,e484k,1,nordjylland,2,192,259
349,2021,5,e484k,2,midtjylland,0,338,461
349,2021,5,e484k,3,syddanmark,10,399,583
349,2021,5,e484k,4,copenhagen,25,798,1264
349,2021,5,e484k,5,sjaelland,2,304,484
349,2021,5,e484k,6,whole_denmark,39,2038,3084
349,2021,5,n439k,0,other,0,7,
349,2021,5,n439k,1,nordjylland,22,192,259
349,2021,5,n439k,2,midtjylland,25,338,461
349,2021,5,n439k,3,syddanmark,55,399,583
349,2021,5,n439k,4,copenhagen,12,798,1264
349,2021,5,n439k,5,sjaelland,2,304,484
349,2021,5,n439k,6,whole_denmark,116,2038,3084
349,2021,5,n501y,0,other,2,7,
349,2021,5,n501y,1,nordjylland,17,192,259
349,2021,5,n501y,2,midtjylland,82,338,461
349,2021,5,n501y,3,syddanmark,122,399,583
349,2021,5,n501y,4,copenhagen,272,798,1264
349,2021,5,n501y,5,sjaelland,130,304,484
349,2021,5,n501y,6,whole_denmark,625,2038,3084
349,2021,5,p1,0,other,0,7,
349,2021,5,p1,1,nordjylland,0,192,259
349,2021,5,p1,2,midtjylland,0,338,461
349,2021,5,p1,3,syddanmark,0,399,583
349,2021,5,p1,4,copenhagen,0,798,1264
349,2021,5,p1,5,sjaelland,0,304,484
349,2021,5,p1,6,whole_denmark,0,2038,3084
349,2021,5,p2,0,other,0,7,
349,2021,5,p2,1,nordjylland,2,192,259
349,2021,5,p2,2,midtjylland,0,338,461
349,2021,5,p2,3,syddanmark,0,399,583
349,2021,5,p2,4,copenhagen,0,798,1264
349,2021,5,p2,5,sjaelland,0,304,484
349,2021,5,p2,6,whole_denmark,2,2038,3084
349,2021,5,y453f,0,other,0,7,
349,2021,5,y453f,1,nordjylland,0,192,259
349,2021,5,y453f,2,midtjylland,0,338,461
349,2021,5,y453f,3,syddanmark,0,399,583
349,2021,5,y453f,4,copenhagen,0,798,1264
349,2021,5,y453f,5,sjaelland,0,304,484
349,2021,5,y453f,6,whole_denmark,0,2038,3084
356,2021,6,20e-eu1,0,other,1,2,
356,2021,6,20e-eu1,1,nordjylland,27,70,212
356,2021,6,20e-eu1,2,midtjylland,27,123,393
356,2021,6,20e-eu1,3,syddanmark,20,124,459
356,2021,6,20e-eu1,4,copenhagen,76,193,970
356,2021,6,20e-eu1,5,sjaelland,37,94,423
356,2021,6,20e-eu1,6,whole_denmark,188,606,2478
356,2021,6,b117,0,other,1,2,
356,2021,6,b117,1,nordjylland,9,70,212
356,2021,6,b117,2,midtjylland,74,123,393
356,2021,6,b117,3,syddanmark,70,124,459
356,2021,6,b117,4,copenhagen,85,193,970
356,2021,6,b117,5,sjaelland,49,94,423
356,2021,6,b117,6,whole_denmark,288,606,2478
356,2021,6,b1351,0,other,0,2,
356,2021,6,b1351,1,nordjylland,0,70,212
356,2021,6,b1351,2,midtjylland,0,123,393
356,2021,6,b1351,3,syddanmark,0,124,459
356,2021,6,b1351,4,copenhagen,1,193,970
356,2021,6,b1351,5,sjaelland,0,94,423
356,2021,6,b1351,6,whole_denmark,1,606,2478
356,2021,6,b1525,0,other,0,2,
356,2021,6,b1525,1,nordjylland,0,70,212
356,2021,6,b1525,2,midtjylland,0,123,393
356,2021,6,b1525,3,syddanmark,1,124,459
356,2021,6,b1525,4,copenhagen,1,193,970
356,2021,6,b1525,5,sjaelland,3,94,423
356,2021,6,b1525,6,whole_denmark,5,606,2478
356,2021,6,e484k,0,other,0,2,
356,2021,6,e484k,1,nordjylland,0,70,212
356,2021,6,e484k,2,midtjylland,0,123,393
356,2021,6,e484k,3,syddanmark,1,124,459
356,2021,6,e484k,4,copenhagen,2,193,970
356,2021,6,e484k,5,sjaelland,3,94,423
356,2021,6,e484k,6,whole_denmark,6,606,2478
356,2021,6,n439k,0,other,0,2,
356,2021,6,n439k,1,nordjylland,1,70,212
356,2021,6,n439k,2,midtjylland,8,123,393
356,2021,6,n439k,3,syddanmark,9,124,459
356,2021,6,n439k,4,copenhagen,2,193,970
356,2021,6,n439k,5,sjaelland,0,94,423
356,2021,6,n439k,6,whole_denmark,20,606,2478
356,2021,6,n501y,0,other,1,2,
356,2021,6,n501y,1,nordjylland,9,70,212
356,2021,6,n501y,2,midtjylland,72,123,393
356,2021,6,n501y,3,syddanmark,69,124,459
356,2021,6,n501y,4,copenhagen,86,193,970
356,2021,6,n501y,5,sjaelland,49,94,423
356,2021,6,n501y,6,whole_denmark,286,606,2478
356,2021,6,p1,0,other,0,2,
356,2021,6,p1,1,nordjylland,0,70,212
356,2021,6,p1,2,midtjylland,0,123,393
356,2021,6,p1,3,syddanmark,0,124,459
356,2021,6,p1,4,copenhagen,0,193,970
356,2021,6,p1,5,sjaelland,0,94,423
356,2021,6,p1,6,whole_denmark,0,606,2478
356,2021,6,p2,0,other,0,2,
356,2021,6,p2,1,nordjylland,0,70,212
356,2021,6,p2,2,midtjylland,0,123,393
356,2021,6,p2,3,syddanmark,0,124,459
356,2021,6,p2,4,copenhagen,0,193,970
356,2021,6,p2,5,sjaelland,0,94,423
356,2021,6,p2,6,whole_denmark,0,606,2478
356,2021,6,y453f,0,other,0,2,
356,2021,6,y453f,1,nordjylland,0,70,212
356,2021,6,y453f,2,midtjylland,0,123,393
356,2021,6,y453f,3,syddanmark,0,124,459
356,2021,6,y453f,4,copenhagen,0,193,970
356,2021,6,y453f,5,sjaelland,0,94,423
356,2021,6,y453f,6,whole_denmark,0,606,2478
